-0.092156,-0.083,-0.105,0.0048497,2.35E-05,0.022,-5.2625,-0.29372,2.6092,-0.0957,-0.0924,-0.0881,1,1098.7657,23.7207,0.036189,15.2327,0.07449,43811602.69,3944.6601,28.7775,41.231,0.019331,1.629,-2.1148,105.0879,-0.083,george
-0.10152,-0.0899,-0.1106,0.0039936,1.59E-05,0.0207,-3.9338,0.40417,3.0869,-0.1043,-0.1016,-0.0994,1,1342.3645,23.7841,0.037885,16.9295,0.0566,52732442.78,3811.9019,31.156,43.8408,0.011121,1.1741,-2.0899,105.2626,-0.0899,george
-0.11039,-0.0992,-0.1189,0.0044998,2.02E-05,0.0197,-4.0763,0.3997,2.6667,-0.1143,-0.1106,-0.1072,1,1574.8856,23.7759,0.036532,18.248,0.045234,45795282.34,3645.3763,29.0638,42.4798,0.013855,1.5149,-2.2321,105.2061,-0.0992,george
-0.11071,-0.0992,-0.1272,0.0066777,4.46E-05,0.028,-6.0316,-0.75531,2.9564,-0.11385,-0.1094,-0.1062,1,1864.2675,21.3675,0.040577,21.5364,0.085458,1982475851,4288.4782,26.9841,39.8357,0.028249,2.7626,-1.8439,105.2877,-0.0992,george
-0.11868,-0.108,-0.1304,0.0047312,2.24E-05,0.0224,-3.9865,-0.043902,2.5107,-0.1224,-0.1185,-0.1155,1,2441.3541,20.0508,0.04602,26.428,0.055311,73014015702,4747.452,29.5765,43.2794,0.021122,2.1253,-1.861,105.2761,-0.108,george
-0.11809,-0.105,-0.1414,0.0089003,7.92E-05,0.0364,-7.537,-0.71519,2.7254,-0.1238,-0.1165,-0.1114,1,1823.6925,23.8561,0.035514,19.6505,0.060139,55611088.83,3567.1572,22.2627,35.365,0.054867,3.9499,-2.2097,105.238,-0.105,george
-0.12596,-0.1077,-0.138,0.0065293,4.26E-05,0.0303,-5.1836,0.74073,3.454,-0.13035,-0.1272,-0.12202,1,2068.8783,23.72,0.03662,20.9777,0.054995,56228347.3,3455.2314,27.4095,39.9254,0.022982,2.3683,-1.8968,105.2876,-0.1077,george
-0.13334,-0.1211,-0.1402,0.0039223,1.54E-05,0.0191,-2.9415,0.801,3.4152,-0.13615,-0.13395,-0.1309,1,1530.7267,22.8512,0.026964,14.574,0.02055,35528.6331,2203.3516,32.0092,44.6902,0.009321,0.51114,-2.5349,105.4182,-0.1211,george
-0.13378,-0.116,-0.1485,0.0063457,4.03E-05,0.0325,-4.7433,0.42443,3.3122,-0.1382,-0.1341,-0.1299,1,2718.4722,21.4094,0.042492,26.0605,0.047299,2018563122,3917.7346,24.9325,38.1043,0.02557,3.7077,-1.9474,105.4193,-0.116,george
-0.14052,-0.1202,-0.1615,0.0099154,9.83E-05,0.0413,-7.0562,0.16503,1.9362,-0.14905,-0.1409,-0.13128,1,2133.5462,20.1973,0.031315,19.2873,0.036494,1316942.186,2699.6811,21.3387,35.1567,0.04542,3.919,-2.4125,105.234,-0.1202,george
-0.1398,-0.1346,-0.149,0.0035653,1.27E-05,0.0144,-2.5502,-0.82137,3.0216,-0.1419,-0.139,-0.137,1,2122.8982,20.2889,0.032363,19.3886,0.021841,1554179.406,2729.1842,32.2036,44.7882,0.0074401,0.82623,-2.3208,105.2963,-0.1346,george
-0.14245,-0.1287,-0.1568,0.0056047,3.14E-05,0.0281,-3.9346,-0.11934,2.6413,-0.14665,-0.1421,-0.1387,1,1748.0192,22.8431,0.027314,15.5772,0.026447,35876.011,2130.5602,30.5101,43.3484,0.011809,0.96646,-2.3862,105.1866,-0.1287,george
-0.14515,-0.1358,-0.1544,0.0042443,1.80E-05,0.0186,-2.924,0.1955,2.729,-0.1475,-0.14545,-0.1426,1,1813.88,22.8864,0.02747,15.8776,0.015917,35963.4024,2109.6593,28.3693,41.0536,0.010234,0.77277,-2.5944,105.3139,-0.1358,george
-0.14418,-0.1353,-0.1546,0.004642,2.15E-05,0.0193,-3.2195,-0.17893,2.0971,-0.1478,-0.1441,-0.1404,1,2706.3609,23.6978,0.036514,24.0131,0.032428,57633720.72,3229.7477,30.9957,43.6263,0.015877,1.2118,-2.0757,105.2537,-0.1353,george
-0.14032,-0.1304,-0.1522,0.0049713,2.47E-05,0.0218,-3.5429,0.078808,2.2786,-0.1435,-0.1404,-0.1363,1,1695.707,23.0934,0.027555,15.3584,0.024928,35474.4826,2147.3671,31.1164,43.0194,0.012195,0.75593,-2.3695,105.0301,-0.1304,george
-0.14218,-0.1319,-0.1522,0.0046226,2.14E-05,0.0203,-3.2512,0.18808,2.3466,-0.1456,-0.1424,-0.1393,1,3481.3539,20.1888,0.046189,31.4787,0.043402,64135503482,4317.3987,30.5552,43.4792,0.023081,2.0413,-1.655,105.2102,-0.1319,george
-0.14252,-0.1299,-0.1519,0.0056257,3.16E-05,0.022,-3.9473,0.48256,2.4556,-0.1463,-0.1434,-0.13795,1,1749.8776,23.1019,0.027407,15.5945,0.020593,35412.7682,2131.0568,28.1075,41.1911,0.017811,1.1107,-2.5153,105.1695,-0.1299,george
-0.14165,-0.1277,-0.1556,0.0059375,3.53E-05,0.0279,-4.1915,-0.092846,2.8729,-0.1453,-0.1421,-0.13755,1,3025.7617,21.4784,0.040913,27.3862,0.040745,1760717376,3780.9903,26.9642,39.554,0.028861,2.5644,-1.89,105.1758,-0.1277,george
-0.14274,-0.126,-0.1573,0.0067313,4.53E-05,0.0313,-4.7159,0.42266,3.1798,-0.1473,-0.143,-0.1394,1,2634.4974,23.7314,0.036204,23.5819,0.035262,48416057.9,3221.9196,27.2128,40.705,0.034811,1.9436,-2.1825,105.0576,-0.126,george
-0.14274,-0.1292,-0.1546,0.0063897,4.08E-05,0.0254,-4.4764,0.083285,2.1564,-0.1475,-0.14325,-0.1381,1,1756.0911,22.9001,0.026591,15.5862,0.02427,36367.4208,2129.8399,27.6222,40.8624,0.019041,1.2887,-2.4636,105.0056,-0.1292,george
-0.14229,-0.1309,-0.1578,0.0061767,3.82E-05,0.0269,-4.3409,-0.32987,2.3796,-0.14725,-0.1415,-0.13785,1,1744.8307,23.0555,0.027077,15.5559,0.024294,35817.5326,2132.7688,26.0285,39.3812,0.01852,1.3692,-2.5525,105.0503,-0.1309,george
-0.14404,-0.1333,-0.1551,0.0058325,3.40E-05,0.0218,-4.0493,-0.023844,1.8966,-0.1485,-0.1443,-0.1385,1,2681.1232,23.7641,0.036801,23.8118,0.033455,48296423.95,3204.6432,26.3006,39.0897,0.022061,2.3738,-2.1126,104.9926,-0.1333,george
-0.14664,-0.1311,-0.1605,0.0063629,4.05E-05,0.0294,-4.3391,0.070087,3.0153,-0.151,-0.14665,-0.14275,1,1853.11,22.9797,0.026888,16.0319,0.025845,36001.0338,2100.1894,28.3899,41.4706,0.019657,1.0766,-2.5142,104.669,-0.1311,george
-0.14614,-0.1358,-0.1571,0.0057176,3.27E-05,0.0213,-3.9125,-0.13702,2.0562,-0.15148,-0.1453,-0.1419,1,2299.6556,20.1723,0.032548,20.0823,0.027235,1321067.464,2641.7562,27.8986,41.2156,0.022354,1.4815,-2.3776,105.062,-0.1358,george
-0.14634,-0.1351,-0.1578,0.0045244,2.05E-05,0.0227,-3.0916,-0.066723,2.7393,-0.1492,-0.1463,-0.1434,1,4609.8473,20.7188,0.052966,40.5798,0.047131,8.56E+13,5331.9053,30.4931,43.198,0.028201,2.8006,-1.1653,104.9413,-0.1351,george
-0.14692,-0.136,-0.159,0.0055651,3.10E-05,0.023,-3.7877,0.0057941,2.3346,-0.151,-0.1468,-0.1431,1,2789.1845,23.7359,0.036522,24.2768,0.032453,48590328.73,3172.7521,29.2507,42.3985,0.020158,1.5375,-2.1753,104.8438,-0.136,george
-0.15136,-0.1358,-0.1668,0.0073135,5.35E-05,0.031,-4.8319,0.14043,2.4215,-0.15665,-0.1517,-0.14627,1,2468.9633,20.3041,0.03235,20.8021,0.028874,1329757.023,2594.268,24.4608,36.9456,0.027679,2.2974,-2.318,104.829,-0.1358,george
-0.15122,-0.139,-0.1658,0.0060689,3.68E-05,0.0268,-4.0133,-0.55406,3.466,-0.1539,-0.1507,-0.148,1,1970.1065,22.8622,0.027458,16.5541,0.019527,35958.5305,2065.9426,26.8624,39.122,0.016686,1.3594,-2.4211,104.3419,-0.139,george
-0.1549,-0.1412,-0.1651,0.0058754,3.45E-05,0.0239,-3.7929,0.10973,2.1759,-0.1597,-0.155,-0.1499,1,3100.3486,23.8806,0.037904,25.6392,0.0262,48732550.52,3083.4812,27.0576,40.0349,0.018482,2.0238,-2.1321,105.0305,-0.1412,george
-0.14835,-0.1358,-0.1571,0.0056992,3.25E-05,0.0213,-3.8416,0.52657,2.036,-0.1527,-0.15005,-0.14345,1,1895.8984,22.7858,0.026688,16.2101,0.020498,36444.2479,2087.8754,28.9562,43.1656,0.018534,0.93922,-2.5688,105.1658,-0.1358,george
-0.15393,-0.1416,-0.1661,0.0055759,3.11E-05,0.0245,-3.6224,0.16243,2.5668,-0.1578,-0.1549,-0.1499,1,3061.1064,23.9271,0.037114,25.4522,0.036375,49233367.94,3094.3829,29.61,42.6672,0.026975,1.6258,-2.1361,105.0544,-0.1416,george
-0.15508,-0.1426,-0.1668,0.0058553,3.43E-05,0.0242,-3.7757,0.0068296,2.1707,-0.159,-0.1551,-0.1507,1,3625.3077,21.4221,0.041325,29.9901,0.026672,1786459773,3605.4188,25.2079,38.0701,0.024832,3.0006,-2.0196,105.0472,-0.1426,george
-0.15427,-0.1419,-0.1656,0.0060249,3.63E-05,0.0237,-3.9054,0.12644,1.9657,-0.1588,-0.155,-0.1495,1,3075.4071,23.7325,0.036964,25.4977,0.029138,49530753.64,3090.7284,27.9744,40.8081,0.026003,2.0825,-2.0281,105.551,-0.1419,george
-0.15718,-0.1434,-0.1734,0.0074533,5.56E-05,0.03,-4.7419,-0.15727,2.2753,-0.16155,-0.1573,-0.15115,1,2662.2892,20.2687,0.031995,21.5852,0.040599,1359290.921,2542.4518,27.0219,40.9417,0.028521,2.0732,-2.3064,105.1146,-0.1434,george
-0.15341,-0.138,-0.1746,0.008865,7.86E-05,0.0366,-5.7785,-0.45066,2.385,-0.1595,-0.1519,-0.146,1,2031.0842,23.0233,0.027799,16.7859,0.022034,36179.0819,2050.089,23.3192,37.1078,0.037049,2.0702,-2.5568,105.1162,-0.138,george
-0.15885,-0.1517,-0.1663,0.0033201,1.10E-05,0.0146,-2.0901,-0.18335,2.5852,-0.1611,-0.1584,-0.1566,1,2171.2762,22.9999,0.027522,17.3764,0.020151,36638.4402,2011.1162,38.836,51.5923,0.0051568,0.2755,-2.4361,104.3925,-0.1517,george
-0.15674,-0.1456,-0.1722,0.0053017,2.81E-05,0.0266,-3.3824,-0.3386,3.3079,-0.1597,-0.1568,-0.1529,1,3173.4369,23.7883,0.036433,25.8955,0.029596,49573249.59,3065.2676,28.5718,41.0928,0.021991,1.834,-2.0716,105.0342,-0.1456,george
-0.15924,-0.149,-0.1663,0.0041105,1.69E-05,0.0173,-2.5813,0.51662,2.6543,-0.1629,-0.1595,-0.1568,1,2728.1267,20.1292,0.03182,21.8582,0.021787,1358351.288,2524.4634,32.1853,45.7621,0.010021,0.88341,-2.3506,105.0051,-0.149,george
-0.16004,-0.1524,-0.1695,0.0044915,2.02E-05,0.0171,-2.8065,-0.17368,1.9279,-0.1637,-0.1593,-0.1563,1,2756.0368,20.3502,0.031592,21.9604,0.030457,1358952.75,2518.2168,36.7118,49.4814,0.014394,0.55772,-2.1914,104.9712,-0.1524,george
-0.16448,-0.1561,-0.1756,0.0051588,2.66E-05,0.0195,-3.1364,-0.3199,2.0041,-0.169,-0.1645,-0.16,1,3494.1208,23.8285,0.037009,27.1923,0.02011,50299103.27,2984.4056,25.8698,38.8886,0.017714,2.2245,-2.2502,104.9381,-0.1561,george
-0.17392,-0.1478,-0.2008,0.016258,0.00026432,0.053,-9.348,0.076199,1.7002,-0.1873,-0.1761,-0.1578,1,3936.5655,23.7251,0.036415,28.7601,0.031661,51182488.11,2898.8999,17.3292,30.9608,0.14619,8.2192,-2.4194,104.9979,-0.1478,george
-0.17515,-0.1534,-0.1981,0.0099929,9.99E-05,0.0447,-5.7054,-0.18909,2.5457,-0.1822,-0.17405,-0.1683,1,6618.0861,20.6989,0.053609,48.5914,0.052741,8.92E+13,4834.7178,21.9169,35.1135,0.09897,9.8837,-1.2227,105.0484,-0.1534,george
-0.17474,-0.1595,-0.1849,0.0071983,5.18E-05,0.0254,-4.1195,0.50987,1.9996,-0.18085,-0.17705,-0.16815,1,2630.7292,23.0171,0.026996,19.1003,0.024694,37417.6114,1908.6142,26.8601,39.9763,0.019523,1.657,-2.408,105.4662,-0.1595,george
-0.17009,-0.1475,-0.1951,0.011254,0.00012666,0.0476,-6.6169,-0.11253,2.6567,-0.1769,-0.1705,-0.1632,1,4373.5486,21.4072,0.04205,32.9034,0.038133,1823224577,3427.9503,19.9527,34.1457,0.083043,7.4653,-2.2018,105.2079,-0.1475,george
-0.1831,-0.1627,-0.212,0.012751,0.0001626,0.0493,-6.964,-0.52963,2.7621,-0.1872,-0.182,-0.1749,1,2897.7084,22.9885,0.027076,20.0262,0.021487,37927.136,1858.3678,21.6057,37.0085,0.059844,3.2337,-2.6175,105.551,-0.1627,george
-0.18108,-0.169,-0.1934,0.0056498,3.19E-05,0.0244,-3.1201,0.087038,2.2928,-0.1854,-0.18135,-0.17695,1,5646.0706,20.2156,0.045319,40.0661,0.035667,68254393128,3783.8156,30.343,43.4307,0.026684,2.6673,-1.458,105.0659,-0.169,george
-0.18238,-0.1707,-0.1969,0.0062935,3.96E-05,0.0262,-3.4508,-0.054163,2.1196,-0.1878,-0.1827,-0.1771,1,6444.9151,22.0043,0.048514,45.4423,0.040689,2.48E+12,4246.1613,28.5521,41.5433,0.039656,3.5805,-1.3169,105.488,-0.1707,george
-0.19027,-0.1749,-0.2056,0.0064651,4.18E-05,0.0307,-3.3979,-0.14995,2.6612,-0.1947,-0.1905,-0.1854,1,7014.5944,21.9495,0.049726,47.4419,0.031892,2.49E+12,4138.774,26.2802,39.0915,0.034845,4.2281,-1.4294,105.0615,-0.1749,george
-0.19503,-0.1822,-0.2061,0.0062545,3.91E-05,0.0239,-3.2069,0.0014405,2.1181,-0.19993,-0.1951,-0.19022,1,4093.9719,20.3028,0.032206,26.7959,0.016473,1409721.454,2245.8539,27.7699,39.8498,0.02279,1.7075,-2.1692,104.7673,-0.1822,george
-0.19371,-0.1876,-0.1993,0.002683,7.20E-06,0.0117,-1.3851,-0.0023577,2.324,-0.1959,-0.1934,-0.1917,1,3228.3022,22.8721,0.027367,21.1846,0.011141,38419.7415,1794.3433,38.4975,49.9337,0.0034978,0.25189,-2.4405,105.0133,-0.1876,george
-0.19441,-0.1854,-0.2054,0.0051382,2.64E-05,0.02,-2.643,-0.16523,2.2447,-0.1982,-0.1943,-0.19,1,3253.1444,22.8692,0.027087,21.2553,0.012572,38379.0372,1791.2857,30.2442,44.134,0.015094,0.8847,-2.5752,104.8753,-0.1854,george
-0.19319,-0.1864,-0.2049,0.0039437,1.56E-05,0.0185,-2.0413,-0.99481,4.1266,-0.1949,-0.1927,-0.19065,1,3211.7383,22.9208,0.026869,21.1011,0.011974,38753.6852,1797.8598,36.556,48.2733,0.0069089,0.46939,-2.3387,105.4718,-0.1864,george
-0.19902,-0.1861,-0.2086,0.005651,3.19E-05,0.0225,-2.8394,0.72095,2.9778,-0.2031,-0.1994,-0.19665,1,3409.8082,22.9622,0.027215,21.7654,0.013954,38673.8558,1765.3269,29.1739,44.3735,0.014341,1.0396,-2.5947,104.4687,-0.1861,george
-0.19648,-0.1861,-0.2081,0.004763,2.27E-05,0.022,-2.4242,-0.25818,2.7953,-0.1998,-0.1961,-0.1932,1,4153.16,20.128,0.032749,27.0023,0.01291,1410090.243,2234.5014,27.92,39.4709,0.017284,1.2759,-2.2982,104.9716,-0.1861,george
-0.19878,-0.1895,-0.2091,0.0042102,1.77E-05,0.0196,-2.118,0.12109,2.6609,-0.202,-0.1988,-0.1961,1,5100.6689,23.7679,0.036902,32.853,0.020461,52045980.53,2671.6342,34.8947,47.07,0.01402,0.92095,-1.8868,105.0122,-0.1895,george
-0.19552,-0.1859,-0.2052,0.0037926,1.44E-05,0.0193,-1.9398,0.1803,2.8229,-0.1982,-0.1956,-0.1932,1,5795.4415,21.3759,0.041849,38.0634,0.017455,2247135165,3177.5408,33.4097,46.6615,0.011919,1.1819,-1.9219,105.3217,-0.1859,george
-0.19321,-0.1807,-0.203,0.0055149,3.04E-05,0.0223,-2.8544,0.33731,2.148,-0.1976,-0.1937,-0.1895,1,4820.3487,23.7533,0.037074,31.9403,0.017441,52051049.53,2718.3506,29.5832,43.5038,0.024675,1.5387,-2.1918,105.0318,-0.1807,george
-0.19761,-0.18,-0.212,0.0061606,3.80E-05,0.032,-3.1176,0.23761,3.219,-0.20155,-0.1976,-0.1942,1,7564.8356,22.0821,0.049145,49.2519,0.033987,2.53E+12,4044.4977,27.0303,39.5399,0.028811,4.4641,-1.1662,105.0218,-0.18,george
-0.19831,-0.1847,-0.214,0.0068703,4.72E-05,0.0293,-3.4644,-0.36688,2.3349,-0.2037,-0.1969,-0.1925,1,5080.2881,23.7837,0.036391,32.7764,0.023899,52501829.21,2676.9061,27.2405,40.8693,0.028851,2.495,-2.0573,105.0307,-0.1847,george
-0.19367,-0.1798,-0.2277,0.010843,0.00011756,0.0479,-5.5985,-1.5156,5.1928,-0.1965,-0.1912,-0.1864,1,3236.3734,23.1048,0.025869,21.1604,0.01811,38553.3991,1799.5771,26.8644,38.0577,0.027628,2.2593,-1.8134,105.0455,-0.1798,george
-0.20804,-0.1947,-0.2237,0.0078794,6.21E-05,0.029,-3.7874,-0.33234,2.134,-0.2153,-0.20635,-0.2027,1,3728.2066,22.9217,0.027193,22.7521,0.010631,39024.8019,1717.0893,27.2307,41.8459,0.032235,1.0907,-2.6076,104.936,-0.1947,george
-0.20595,-0.1954,-0.2157,0.0054991,3.02E-05,0.0203,-2.6702,0.10285,1.9491,-0.2106,-0.2054,-0.2015,1,3650.8047,22.9813,0.027195,22.5236,0.011818,38944.4437,1728.2261,29.8311,42.4637,0.0132,1.0099,-2.4277,105.0322,-0.1954,george
-0.20096,-0.192,-0.2089,0.0045231,2.05E-05,0.0169,-2.2507,0.42434,1.9924,-0.2048,-0.202,-0.19685,1,3475.6363,22.879,0.027359,21.9883,0.010104,38605.6038,1754.564,31.8906,44.2276,0.011504,0.6854,-2.4505,105.0532,-0.192,george
-0.20028,-0.1861,-0.2184,0.0066716,4.45E-05,0.0323,-3.3312,-0.43169,3.3552,-0.2032,-0.1999,-0.1964,1,5181.0853,23.7221,0.037159,33.1179,0.017781,52019773.4,2659.3358,24.7301,37.8737,0.025566,2.5846,-2.2372,105.0591,-0.1861,george
-0.19921,-0.1908,-0.2086,0.0045079,2.03E-05,0.0178,-2.2629,0.00016918,2.014,-0.2025,-0.1993,-0.1956,1,5122.7232,23.8968,0.036948,32.9338,0.01229,52002742.18,2668.1964,27.3311,39.8392,0.015051,1.6434,-2.2454,105.0244,-0.1908,george
-0.16074,-0.1165,-0.1883,0.017572,0.00030877,0.0718,-10.9317,0.88977,3.3613,-0.1729,-0.1633,-0.1539,1,3373.246,23.8749,0.036418,26.5791,0.056112,49697977.91,3031.7528,17.0053,30.2587,0.14085,11.2498,-2.2711,104.9822,-0.1165,george
-0.17066,-0.1546,-0.1898,0.0084451,7.13E-05,0.0352,-4.9485,-0.33844,2.2062,-0.1781,-0.1695,-0.16357,1,4394.6539,21.3982,0.040961,32.9913,0.038106,1836805665,3421.4046,25.7589,39.8068,0.053865,3.6601,-1.9313,104.965,-0.1546,george
-0.18134,-0.1539,-0.2196,0.016466,0.00027114,0.0657,-9.0803,-0.55066,2.3739,-0.19165,-0.1795,-0.16785,1,7163.5303,20.7764,0.053636,50.5249,0.051607,1.08E+14,4767.505,17.8038,30.7321,0.17103,20.058,-1.3578,105.0533,-0.1539,george
-0.25198,-0.2284,-0.2763,0.011498,0.00013221,0.0479,-4.5633,-0.36051,2.3793,-0.2601,-0.2504,-0.243,1,8208.9151,23.8525,0.037136,41.6651,0.024476,54942627.21,2280.2309,20.964,33.0767,0.060378,6.5157,-1.9216,104.924,-0.2284,george
-0.24275,-0.2198,-0.2594,0.0083279,6.94E-05,0.0396,-3.4307,0.45195,2.8167,-0.2487,-0.2438,-0.23685,1,11417.7821,21.918,0.048775,60.4955,0.028339,2.66E+12,3532.2839,24.4676,37.4638,0.042596,6.4353,-1.2381,105.0506,-0.2198,george
-0.23513,-0.2228,-0.255,0.0087172,7.60E-05,0.0322,-3.7075,-0.45261,2.0941,-0.2418,-0.23325,-0.22705,1,4761.7469,23.0693,0.026863,25.7006,0.0094937,40184.9383,1584.4108,23.4652,37.4932,0.033681,2.2594,-2.5463,105.1602,-0.2228,george
-0.23454,-0.2128,-0.2523,0.0082337,6.78E-05,0.0395,-3.5106,0.3391,2.9147,-0.23965,-0.23535,-0.23,1,9474.8458,20.2514,0.045073,51.8826,0.027988,72502296551,3211.4688,24.0381,36.2196,0.040109,5.6632,-1.3358,105.0439,-0.2128,george
-0.23702,-0.222,-0.2557,0.0078813,6.21E-05,0.0337,-3.3251,-0.44429,2.818,-0.2404,-0.2367,-0.232,1,7256.5073,23.7375,0.037235,39.192,0.014139,54504306.12,2380.6839,21.896,35.0859,0.034156,4.1215,-2.246,105.0735,-0.222,george
-0.23669,-0.2196,-0.2543,0.0085232,7.26E-05,0.0347,-3.6011,-0.15582,2.3722,-0.2423,-0.2355,-0.23,1,4824.85,22.8892,0.027039,25.8643,0.0079925,40392.9025,1576.5629,19.8247,31.746,0.030889,2.7023,-2.5648,105.046,-0.2196,george
-0.23925,-0.2262,-0.2513,0.0059246,3.51E-05,0.0251,-2.4764,-0.031247,2.4107,-0.2428,-0.2396,-0.2351,1,4926.3915,22.8319,0.027417,26.1627,0.0065864,40442.7689,1563.5174,26.5477,39.9286,0.019035,1.1136,-2.586,104.8711,-0.2262,george
-0.23945,-0.2272,-0.2533,0.005401,2.92E-05,0.0261,-2.2555,-0.52565,3.1054,-0.2425,-0.2386,-0.236,1,7401.64,23.9264,0.036538,39.5671,0.013661,54517053.07,2364.879,30.0298,43.6275,0.020078,1.6586,-2.0842,105.2504,-0.2272,george
-0.24291,-0.2247,-0.2565,0.0075772,5.74E-05,0.0318,-3.1193,0.45999,2.634,-0.2483,-0.2435,-0.23875,1,5080.4062,22.8424,0.027531,26.5715,0.010617,40563.5835,1546.2469,26.8369,38.1124,0.020579,1.6083,-2.2173,104.9167,-0.2247,george
-0.21918,-0.1917,-0.2352,0.011961,0.00014306,0.0435,-5.4572,0.7264,2.5165,-0.2289,-0.2234,-0.21265,1,4144.2133,23.0245,0.026391,23.9286,0.014076,40092.3347,1662.1764,18.7233,31.3016,0.048498,4.1116,-2.5421,105.655,-0.1917,george
-0.25274,-0.2289,-0.2763,0.011385,0.00012962,0.0474,-4.5047,0.317,2.6647,-0.26,-0.2539,-0.2474,1,5505.3696,22.888,0.02767,27.6477,0.011573,40868.8584,1503.1693,24.0795,37.272,0.040027,2.9923,-2.3028,105.1407,-0.2289,george
-0.25694,-0.2384,-0.2807,0.011637,0.00013541,0.0423,-4.529,-0.34424,1.8836,-0.2671,-0.25365,-0.2474,1,5690.0957,22.8441,0.026734,28.0811,0.010578,40778.6818,1488.1376,21.5131,34.5699,0.04349,3.2565,-2.4456,105.0101,-0.2384,george
-0.25243,-0.2333,-0.2682,0.0081391,6.62E-05,0.0349,-3.2243,-0.10827,2.2226,-0.257,-0.2527,-0.2467,1,6792.8431,20.4061,0.032232,34.3346,0.011923,1266969.474,1872.4674,22.3491,35.8927,0.030772,3.1708,-2.4095,105.0185,-0.2333,george
-0.24959,-0.2308,-0.2643,0.0080703,6.51E-05,0.0335,-3.2335,0.19759,2.1081,-0.25677,-0.2491,-0.24322,1,6704.6825,20.2764,0.033162,34.3065,0.011565,1494072.167,1905.1068,24.425,37.8854,0.030997,2.6328,-2.3192,105.055,-0.2308,george
-0.25405,-0.234,-0.2746,0.010067,0.00010134,0.0406,-3.9625,0.069852,2.1013,-0.2601,-0.25475,-0.2465,1,11120.3602,20.2277,0.04584,56.2419,0.023733,73306124601,3034.4651,20.3445,33.253,0.052047,8.8574,-1.7288,104.9769,-0.234,george
-0.25011,-0.2311,-0.2711,0.0092177,8.50E-05,0.04,-3.6855,-0.092442,2.2738,-0.25677,-0.2494,-0.243,1,6734.9378,20.1248,0.032876,34.3589,0.012267,1489644.541,1903.361,22.1892,35.2614,0.043309,3.4743,-2.3405,105.076,-0.2311,george
-0.25875,-0.2406,-0.2716,0.0076312,5.82E-05,0.031,-2.9492,0.22634,2.1684,-0.26572,-0.2587,-0.253,1,10087.0826,21.3992,0.041706,50.0402,0.01701,2001030176,2614.9167,27.8092,40.9281,0.031381,3.6211,-1.5126,104.9653,-0.2406,george
-0.25631,-0.2435,-0.2704,0.0066199,4.38E-05,0.0269,-2.5828,0.34197,2.3474,-0.2606,-0.2579,-0.25185,1,5721.82,22.8734,0.027203,28.3521,0.0076039,48807.0642,1507.4496,26.7027,41.1799,0.022091,1.3863,-2.5732,105.5353,-0.2435,george
-0.25525,-0.2289,-0.2709,0.0096166,9.25E-05,0.042,-3.7676,0.9464,3.4845,-0.26075,-0.2574,-0.25035,1,5611.8659,23.0703,0.027574,27.9116,0.0091139,41114.9994,1492.4597,22.3276,34.8037,0.029228,2.7303,-2.4167,105.1887,-0.2289,george
-0.25375,-0.2433,-0.2653,0.0050912,2.59E-05,0.022,-2.0064,-0.35405,2.6438,-0.25635,-0.2533,-0.2499,1,5540.8485,23.0249,0.027111,27.7505,0.0074422,40840.4511,1500.0242,30.6356,42.0196,0.00871,0.90976,-2.3068,105.0394,-0.2433,george
-0.25565,-0.2364,-0.2726,0.0081413,6.63E-05,0.0362,-3.1845,0.28403,2.4485,-0.2609,-0.257,-0.24975,1,11255.2354,20.2649,0.045421,56.5774,0.013606,73263248693,3020.9184,22.6819,35.5806,0.055181,5.7449,-1.7598,104.9925,-0.2364,george
-0.25141,-0.2352,-0.2704,0.0073478,5.40E-05,0.0352,-2.9226,-0.15449,3.0349,-0.25593,-0.2516,-0.24633,1,9522.7146,21.5077,0.041681,48.6156,0.016227,2003335834,2670.0438,24.2506,37.0855,0.0367,4.3477,-1.8558,105.0145,-0.2352,george
-0.26272,-0.2501,-0.2746,0.00489,2.39E-05,0.0245,-1.8613,0.46111,2.9782,-0.2663,-0.2635,-0.2596,1,5939.0221,23.0884,0.027009,28.7036,0.0059967,41417.8807,1461.7795,31.1978,42.9027,0.011841,0.71386,-2.3647,105.0253,-0.2501,george
-0.26441,-0.2416,-0.2812,0.011529,0.00013292,0.0396,-4.3603,0.42721,1.9148,-0.27437,-0.2672,-0.25557,1,7531.0822,20.1781,0.032707,36.3249,0.013555,1508714.024,1827.3735,20.7773,34.6839,0.053698,4.6751,-2.3819,105.0217,-0.2416,george
-0.25408,-0.2413,-0.2702,0.0077047,5.94E-05,0.0289,-3.0324,-0.44278,2.0999,-0.2598,-0.2523,-0.24813,1,6947.6086,20.2986,0.03217,34.9046,0.010326,1495782.433,1882.8553,26.2577,39.2869,0.026083,2.5151,-2.1514,105.5051,-0.2413,george
-0.25939,-0.2435,-0.2773,0.0079823,6.37E-05,0.0338,-3.0773,0.07557,2.1585,-0.2655,-0.26,-0.2529,1,11585.744,20.2463,0.045191,57.3814,0.019176,74235348223,2988.2734,24.9092,38.0387,0.038066,5.2003,-1.5239,105.0374,-0.2435,george
-0.26648,-0.2469,-0.2863,0.0086502,7.48E-05,0.0394,-3.2461,0.11248,2.8612,-0.2714,-0.2675,-0.2611,1,6114.4817,22.8294,0.027038,29.1385,0.0091948,41444.829,1446.7741,23.1951,36.1855,0.028621,2.3182,-2.4874,105.0314,-0.2469,george
-0.26617,-0.2506,-0.2799,0.0063934,4.09E-05,0.0293,-2.402,-0.064212,2.3615,-0.27185,-0.2655,-0.26145,1,6097.3603,22.9203,0.027026,29.0876,0.0077777,41678.3456,1447.4758,28.9606,42.0961,0.017911,1.0935,-2.4196,105.0091,-0.2506,george
-0.26807,-0.2552,-0.2829,0.0072586,5.27E-05,0.0277,-2.7077,-0.24103,1.9385,-0.2743,-0.26735,-0.2622,1,6185.8946,23.099,0.027094,29.2866,0.0089493,41658.0831,1439.3884,30.3925,42.5522,0.017053,1.221,-2.095,105.0378,-0.2552,george
-0.27001,-0.2545,-0.2882,0.0079189,6.27E-05,0.0337,-2.9328,-0.20059,2.192,-0.2763,-0.2699,-0.2643,1,10983.7513,21.3661,0.041441,52.196,0.012989,2049558246,2532.3079,24.0569,37.6247,0.040883,4.1781,-1.9767,105.1632,-0.2545,george
-0.27423,-0.256,-0.2885,0.0072592,5.27E-05,0.0325,-2.6472,0.27939,2.5163,-0.2802,-0.2743,-0.2692,1,9709.2942,23.7751,0.037368,45.3713,0.0078802,55642426.61,2139.5341,25.3867,37.54,0.024846,2.8379,-1.89,105.2658,-0.256,george
-0.27485,-0.2616,-0.2951,0.0088154,7.77E-05,0.0335,-3.2074,-0.79548,2.4772,-0.2807,-0.2719,-0.2682,0.95238,6504.4705,22.9615,0.026433,30.0038,0.0069322,42022.1656,1414.1959,22.1837,35.2438,0.033546,2.1661,-2.5694,105.062,-0.2616,george
-0.26911,-0.2538,-0.2853,0.0071206,5.07E-05,0.0315,-2.646,0.035048,2.2979,-0.2738,-0.26955,-0.2638,1,10834.3282,21.401,0.041501,51.6702,0.012288,1711041394,2521.2796,25.7575,39.6258,0.033404,3.4739,-1.9467,105.0818,-0.2538,george
-0.26995,-0.256,-0.2834,0.0066074,4.37E-05,0.0274,-2.4477,0.11655,2.408,-0.27425,-0.2707,-0.26535,1,9482.3723,23.7543,0.037223,44.9891,0.010388,66285265.99,2183.3866,25.644,39.0845,0.024431,2.6319,-2.1743,105.1383,-0.256,george
-0.25913,-0.2496,-0.2868,0.0067489,4.55E-05,0.0372,-2.6044,-1.6613,6.8031,-0.2618,-0.2582,-0.2544,1,5779.7998,22.9208,0.026525,28.2797,0.0071007,41602.0699,1477.7252,30.0589,41.0618,0.017443,1.0654,-2.0944,105.063,-0.2496,george
-0.26919,-0.2579,-0.2829,0.0050632,2.56E-05,0.025,-1.8809,-0.36715,2.941,-0.2721,-0.2692,-0.2653,1,12470.2063,20.33,0.045554,59.5634,0.01452,74577034520,2905.5138,29.7465,43.2335,0.020507,2.6612,-1.6336,105.0056,-0.2579,george
-0.26687,-0.256,-0.2777,0.0049671,2.47E-05,0.0217,-1.8613,0.20091,2.3398,-0.2698,-0.2675,-0.2631,1,7587.106,20.4574,0.032055,36.3015,0.0085589,1281291.359,1796.8064,30.6244,43.701,0.016984,1.1316,-2.3067,105.6848,-0.256,george
-0.26667,-0.2565,-0.277,0.0045508,2.07E-05,0.0205,-1.7065,-0.19006,2.4803,-0.26963,-0.2663,-0.26335,1,10707.5826,21.4498,0.042007,51.566,0.010149,2033607913,2555.1384,30.0245,43.0881,0.018666,1.7429,-1.9831,105.0352,-0.2565,george
-0.26348,-0.254,-0.2792,0.0058534,3.43E-05,0.0252,-2.2216,-0.66138,3.1089,-0.26685,-0.2628,-0.2592,1,7467.6013,20.1759,0.032169,36.1907,0.0090204,1511394.196,1832.8265,31.0872,43.0768,0.013494,1.5038,-1.9189,105.0183,-0.254,george
-0.27793,-0.2707,-0.2848,0.0034912,1.22E-05,0.0141,-1.2562,0.1642,2.233,-0.2807,-0.278,-0.2758,1,6645.2239,23.0117,0.02717,30.3797,0.0053017,41897.3783,1399.886,35.1487,46.7753,0.0070868,0.40381,-2.4187,104.8796,-0.2707,george
-0.28567,-0.2521,-0.3105,0.013957,0.00019481,0.0584,-4.8859,0.31089,2.6176,-0.29828,-0.2838,-0.2773,0.64762,8795.0808,20.3031,0.032284,39.225,0.015213,1547818.464,1722.0896,19.1413,31.797,0.077417,5.895,-2.298,104.9481,-0.2521,jackson
-0.27686,-0.2653,-0.2956,0.0060401,3.65E-05,0.0303,-2.1817,-0.55804,3.3027,-0.2804,-0.2763,-0.27232,0.98095,8245.2801,20.1047,0.031931,38.0181,0.010299,1531300.004,1765.1994,31.6312,43.6093,0.014896,1.4414,-1.8371,104.6257,-0.2653,jackson
-0.27912,-0.266,-0.2917,0.0054327,2.95E-05,0.0257,-1.9464,0.021244,2.6958,-0.28268,-0.2792,-0.27563,1,8379.8657,20.1195,0.032237,38.3321,0.0081617,1538340.045,1753.1095,28.6485,40.9506,0.017149,1.3567,-2.2305,105.0516,-0.266,jackson
-0.27834,-0.2658,-0.2897,0.00581,3.38E-05,0.0239,-2.0873,0.38388,2.5042,-0.2824,-0.27895,-0.2751,1,6666.9368,23.041,0.027521,30.4439,0.0068501,41584.1318,1397.9215,30.1837,43.592,0.017538,0.89753,-2.4611,104.7467,-0.2658,jackson
-0.27824,-0.2677,-0.2895,0.0038768,1.50E-05,0.0218,-1.3933,0.03409,3.0341,-0.2807,-0.278,-0.276,1,11655.9874,21.4799,0.041805,53.7948,0.013507,2056849893,2473.2254,38.3466,50.5564,0.011426,0.76968,-1.6135,104.6331,-0.2677,jackson
-0.28086,-0.2702,-0.2936,0.0054612,2.98E-05,0.0234,-1.9445,0.020542,2.4105,-0.28525,-0.2809,-0.27708,0.98795,6706.711,21.9554,0.027155,30.3533,0.0075402,35129.728,1371.4778,31.7391,44.7226,0.011699,0.9191,-2.39,104.8569,-0.2702,jackson
-0.27532,-0.2562,-0.2982,0.0096029,9.22E-05,0.042,-3.4879,-0.039162,2.3166,-0.28265,-0.27455,-0.26735,0.96429,6527.9001,23.0566,0.026874,30.0632,0.00634,42187.8848,1410.8887,25.8981,38.1904,0.027009,2.2134,-2.1462,104.8515,-0.2562,jackson
-0.27526,-0.2628,-0.2926,0.0054586,2.98E-05,0.0298,-1.9831,-0.22373,3.02,-0.27945,-0.27495,-0.2714,0.99405,13039.5262,20.2897,0.045639,60.936,0.011793,74404196098,2856.5919,31.2713,42.9479,0.019089,2.6926,-0.81418,105.033,-0.2628,jackson
-0.26399,-0.2543,-0.2877,0.0084814,7.19E-05,0.0334,-3.2127,-1.1647,3.4392,-0.2682,-0.26075,-0.2578,1,6000.8146,22.7999,0.027085,28.8504,0.0084979,41395.6175,1456.7962,22.2248,34.2191,0.024134,2.5391,-2.4336,105.1067,-0.2543,jackson
-0.27038,-0.2452,-0.2985,0.01135,0.00012882,0.0533,-4.1978,-0.029112,2.5677,-0.2787,-0.2707,-0.26148,0.97041,12673.6355,20.0553,0.045836,60.1885,0.025361,88721343729,2914.2453,19.9692,31.9662,0.060357,10.1194,-1.4808,105.2878,-0.2452,jackson
-0.27037,-0.2567,-0.2834,0.0059205,3.51E-05,0.0267,-2.1898,0.050575,2.8522,-0.2738,-0.2703,-0.2669,1,6290.699,22.9948,0.027192,29.5552,0.0062488,41601.4252,1430.2128,28.666,42.679,0.016714,1.0297,-2.5275,104.883,-0.2567,jackson
-0.27496,-0.2479,-0.2985,0.012372,0.00015307,0.0506,-4.4996,0.089572,2.4608,-0.28332,-0.2733,-0.2672,0.88435,11403.4111,21.3783,0.04119,53.1411,0.015098,2057861193,2498.978,17.4384,30.1347,0.086189,10.1364,-2.1388,104.8429,-0.2479,jackson
-0.2825,-0.2618,-0.3065,0.011917,0.00014201,0.0447,-4.2182,-0.11496,2.0806,-0.28997,-0.2826,-0.2721,0.79048,8596.1805,20.1847,0.031839,38.7702,0.0097276,1564937.401,1737.0667,22.1362,35.1478,0.05454,4.2308,-2.2032,105.1867,-0.2618,jackson
-0.28394,-0.2655,-0.3051,0.010329,0.00010669,0.0396,-3.6378,-0.19823,2.1722,-0.2914,-0.2834,-0.27518,0.78095,8679.7733,20.1244,0.032932,39.026,0.011659,1528184.671,1729.377,23.0432,36.0036,0.04558,3.5197,-2.221,105.0998,-0.2655,jackson
-0.27504,-0.256,-0.2885,0.0075469,5.70E-05,0.0325,-2.7439,0.82351,3.3506,-0.27963,-0.2763,-0.27172,1,6434.2175,21.8767,0.027025,29.7307,0.0073834,34700.8208,1395.0572,30.4361,41.8896,0.016702,1.2783,-2.0267,104.7326,-0.256,jackson
-0.2754,-0.2606,-0.2909,0.0068259,4.66E-05,0.0303,-2.4785,-0.15437,2.4771,-0.2799,-0.27495,-0.2707,1,9792.1483,23.7859,0.037412,45.5473,0.01208,56039385.42,2131.9182,26.0774,39.0053,0.028407,2.557,-2.1264,105.3215,-0.2606,jackson
-0.28224,-0.2572,-0.3051,0.010529,0.00011085,0.0479,-3.7304,0.0019435,2.5794,-0.28985,-0.28175,-0.2747,0.81548,13722.5667,20.2129,0.04649,62.4977,0.017549,74687898084,2800.907,20.6975,32.9346,0.082887,7.8505,-1.6384,104.9318,-0.2572,jackson
-0.28521,-0.2584,-0.3122,0.011561,0.00013366,0.0538,-4.0535,0.25339,2.9298,-0.29233,-0.2868,-0.27735,0.7483,12264.3693,21.3654,0.041573,55.1426,0.017126,2073759186,2426.4505,19.9638,32.8754,0.063665,7.3572,-1.9954,105.0856,-0.2584,jackson
-0.27258,-0.2516,-0.3036,0.012552,0.00015755,0.052,-4.6048,-0.62123,3.1041,-0.2776,-0.2737,-0.2622,0.90476,6404.3558,22.7824,0.026491,29.7659,0.0081552,42297.7321,1422.8858,18.784,31.1143,0.062627,3.7348,-2.5202,105.0168,-0.2516,jackson
-0.27983,-0.2552,-0.3024,0.01383,0.00019126,0.0472,-4.9423,-0.077599,1.7303,-0.2907,-0.2812,-0.2677,0.77143,8439.5032,20.1943,0.032046,38.4062,0.0076673,1563497.882,1750.0118,22.846,35.9957,0.063883,4.4957,-2.0247,104.9201,-0.2552,jackson
-0.28233,-0.2335,-0.3039,0.014716,0.00021657,0.0704,-5.2124,1.3054,5.0369,-0.29375,-0.2837,-0.276,0.67262,13750.1272,20.278,0.047736,62.5347,0.014168,75238679415,2798.4002,21.4702,34.1765,0.10019,10.737,-1.0387,105.1009,-0.2335,jackson
-0.27455,-0.2584,-0.2953,0.010583,0.00011199,0.0369,-3.8546,-0.5176,1.9174,-0.2841,-0.2707,-0.2665,0.93651,9739.5865,23.7807,0.037535,45.416,0.0088806,55654254.44,2137.5838,19.9268,33.1299,0.081469,4.7996,-2.3729,104.9101,-0.2584,jackson
-0.2761,-0.2631,-0.2885,0.0059589,3.55E-05,0.0254,-2.1583,0.19877,2.1148,-0.2807,-0.2765,-0.2711,1,9839.9746,23.7188,0.036833,45.642,0.0090515,56332545.65,2128.7769,28.2355,42.2602,0.027009,1.9149,-2.1787,104.9045,-0.2631,jackson
-0.27858,-0.2633,-0.3026,0.0085878,7.38E-05,0.0393,-3.0827,-0.39986,2.7225,-0.28365,-0.2787,-0.27177,0.9418,15034.0133,21.9657,0.049318,69.4442,0.019279,2.72E+12,3188.3161,22.6065,36.1344,0.051495,7.938,-1.5202,105.0162,-0.2633,jackson
-0.27327,-0.2589,-0.2858,0.0061757,3.81E-05,0.0269,-2.2599,0.13545,2.3409,-0.2777,-0.2732,-0.2687,1,9640.0984,23.8159,0.036799,45.165,0.010222,56314845.75,2145.5599,27.4797,41.3172,0.027347,2.1241,-2.1802,105.0644,-0.2589,jackson
-0.27414,-0.2628,-0.2868,0.0061843,3.82E-05,0.024,-2.2559,-0.157,2.1129,-0.27882,-0.2743,-0.2689,1,8084.5517,20.2658,0.032298,37.6443,0.010255,1540967.941,1777.2435,29.8297,43.1479,0.020612,1.4009,-2.2852,105.0289,-0.2628,jackson
-0.27316,-0.2521,-0.2909,0.0083205,6.92E-05,0.0388,-3.0461,0.39789,2.7454,-0.2792,-0.2738,-0.267,1,11242.0826,21.3561,0.041685,52.814,0.016336,2041675782,2509.8834,24.3692,38.2741,0.039762,4.5703,-1.9465,104.8176,-0.2521,jackson
-0.27308,-0.2635,-0.2821,0.0039968,1.60E-05,0.0186,-1.4636,0.15423,2.7133,-0.2754,-0.2733,-0.2703,1,6415.6788,22.8412,0.026945,29.8438,0.0056973,41677.148,1419.9804,32.3991,44.8877,0.0093342,0.63575,-2.4945,104.8883,-0.2635,jackson
-0.27506,-0.2628,-0.2953,0.0077428,6.00E-05,0.0325,-2.8149,-0.69286,2.9452,-0.2804,-0.2732,-0.26955,0.95238,6513.0407,22.8461,0.027105,30.0667,0.0063914,41909.3182,1411.5761,25.3003,38.7096,0.031738,1.4675,-2.5377,104.9275,-0.2628,jackson
-0.27912,-0.267,-0.2929,0.0057989,3.36E-05,0.0259,-2.0776,-0.006174,2.5293,-0.2831,-0.2791,-0.2751,0.98413,10056.0055,23.8679,0.037093,46.1492,0.01127,56379486.08,2110.0896,27.8598,39.3285,0.027678,1.8475,-1.9722,104.8932,-0.267,jackson
-0.28751,-0.2746,-0.3034,0.0067138,4.51E-05,0.0288,-2.3351,-0.31973,2.6076,-0.29223,-0.2877,-0.28198,0.75294,7198.866,22.8602,0.027548,31.828,0.0071983,49846.6319,1379.9026,27.6128,40.4826,0.018562,1.505,-2.3736,105.432,-0.2746,jackson
-0.28103,-0.2616,-0.3019,0.0080391,6.46E-05,0.0403,-2.8606,-0.48025,3.8435,-0.28318,-0.2809,-0.2768,0.89524,8498.726,20.3017,0.03257,38.6034,0.0088331,1539999.552,1742.8968,22.8258,35.2952,0.026447,3.1141,-2.26,105.004,-0.2616,jackson
-0.28089,-0.2621,-0.2948,0.0072126,5.20E-05,0.0327,-2.5678,0.32847,2.6377,-0.2865,-0.28165,-0.2758,0.95238,10186.41,23.7163,0.037403,46.442,0.011233,56602723.1,2099.1131,26.6809,39.5967,0.025151,2.719,-1.9466,104.9362,-0.2621,jackson
-0.28164,-0.2643,-0.3075,0.0090081,8.11E-05,0.0432,-3.1985,-0.37912,2.8386,-0.2875,-0.2812,-0.2748,0.87302,10244.4571,23.7064,0.037072,46.5709,0.014778,56544075.27,2095.9328,23.6193,35.186,0.049381,3.977,-1.8812,104.9706,-0.2643,jackson
-0.28116,-0.2685,-0.2948,0.0059942,3.59E-05,0.0263,-2.132,-0.094979,2.5714,-0.2853,-0.2807,-0.27695,0.97647,6883.6849,22.7654,0.027449,31.1102,0.0079544,49818.391,1404.2228,29.7488,42.6517,0.016654,0.96853,-2.4275,105.2502,-0.2685,jackson
-0.27934,-0.2663,-0.2948,0.0061449,3.78E-05,0.0285,-2.1998,-0.35105,2.7192,-0.2834,-0.27825,-0.2753,0.96575,11671.5057,21.4674,0.041413,53.6202,0.013376,1737600515,2449.027,29.7488,42.8419,0.024369,2.416,-1.7048,104.9588,-0.2663,jackson
-0.28423,-0.2755,-0.3022,0.0051547,2.66E-05,0.0267,-1.8136,-1.1076,4.9131,-0.2868,-0.2836,-0.28105,0.92857,6951.0785,22.8587,0.027233,31.0766,0.006761,41995.4726,1375.602,28.5041,40.3018,0.011473,0.98935,-2.4239,104.9934,-0.2755,jackson
-0.28596,-0.2726,-0.3029,0.0068224,4.65E-05,0.0303,-2.3858,-0.25144,2.9423,-0.28935,-0.2863,-0.28165,0.85577,8713.279,20.5861,0.032165,38.8846,0.0065806,1302211.342,1703.0009,24.7835,37.42,0.026221,1.8673,-2.3794,104.9998,-0.2726,jackson
-0.28985,-0.2816,-0.3009,0.0045022,2.03E-05,0.0193,-1.5533,-0.51779,2.4694,-0.2934,-0.28885,-0.2864,0.70238,7228.0682,22.9396,0.027387,31.7041,0.005166,42065.0957,1353.7812,30.0023,42.7067,0.011669,0.72679,-2.5239,104.5,-0.2816,jackson
-0.28861,-0.2765,-0.3073,0.0074975,5.62E-05,0.0308,-2.5978,-0.64432,2.9506,-0.2929,-0.28795,-0.28395,0.7381,7169.5788,22.8441,0.027563,31.5765,0.007796,41921.9747,1358.4297,24.7151,37.0498,0.021857,1.8066,-2.405,105.0625,-0.2765,jackson
-0.30694,-0.2699,-0.3415,0.017742,0.00031478,0.0716,-5.7802,0.36562,2.2798,-0.3212,-0.3087,-0.29568,0.22222,18294.446,22.0492,0.048529,76.4999,0.019481,2.81E+12,2950.2375,17.4729,30.9539,0.23064,16.5005,-1.8658,104.9389,-0.2699,jackson
-0.2979,-0.2838,-0.3129,0.006382,4.07E-05,0.0291,-2.1423,-0.023995,2.614,-0.30245,-0.297,-0.2941,0.1746,17183.2012,21.9155,0.050409,74.2966,0.0096828,2.75E+12,3019.7032,25.3352,38.7101,0.046069,4.2581,-1.6304,104.9449,-0.2838,jackson
-0.30235,-0.2917,-0.3158,0.0063913,4.08E-05,0.0241,-2.1139,-0.20232,1.8109,-0.30807,-0.3019,-0.2963,0.0095238,9833.3781,20.1023,0.031971,41.5048,0.0064996,1571215.68,1643.5685,24.2045,36.3885,0.027339,2.0148,-2.3524,105.014,-0.2917,jackson
-0.298,-0.2875,-0.3112,0.0058723,3.45E-05,0.0237,-1.9706,-0.15379,2.186,-0.30205,-0.2979,-0.2939,0.20192,9461.03,20.4791,0.031826,40.5151,0.0074571,1316401.439,1647.4151,29.3244,41.3404,0.019918,1.2659,-2.2653,105.039,-0.2875,jackson
-0.3002,-0.2931,-0.3131,0.0042747,1.83E-05,0.02,-1.424,-0.75908,3.2663,-0.3036,-0.29985,-0.2968,0,7753.257,23.1158,0.027235,32.8178,0.0056774,42531.8981,1315.7217,30.281,42.0252,0.0085738,0.77685,-2.4311,105.0452,-0.2931,jackson
-0.30132,-0.2899,-0.3161,0.0058696,3.45E-05,0.0262,-1.948,-0.45161,2.7947,-0.30505,-0.30055,-0.297,0.035714,7812.4082,22.8148,0.02698,32.9312,0.0051909,42602.661,1312.5012,28.8029,41.0462,0.020112,1.0405,-2.4648,105.7815,-0.2899,jackson
-0.29681,-0.2814,-0.3092,0.0055174,3.04E-05,0.0278,-1.8589,0.082369,3.2871,-0.29962,-0.2968,-0.29305,0.19048,9475.3731,20.1248,0.032637,40.7934,0.007539,1552742.123,1667.9759,30.2525,41.7357,0.016976,1.3618,-2.0316,104.9003,-0.2814,jackson
-0.29934,-0.2846,-0.3127,0.0061053,3.73E-05,0.0281,-2.0396,0.13284,2.256,-0.30465,-0.2997,-0.2951,0.11429,9638.3611,20.1498,0.032337,41.1067,0.0089124,1568046.903,1656.2455,29.0266,40.7025,0.019186,1.5486,-2.078,105.0212,-0.2846,jackson
-0.30126,-0.2675,-0.3408,0.018441,0.00034006,0.0733,-6.1211,-0.093066,2.1321,-0.3161,-0.3004,-0.2843,0.3254,11753.5822,23.7964,0.036804,49.8131,0.01371,57194488.25,1986.7717,17.4818,31.097,0.16678,8.8541,-2.4169,104.8814,-0.2675,jackson
-0.30982,-0.2758,-0.3483,0.022545,0.00050827,0.0725,-7.2766,-0.30025,1.7058,-0.33432,-0.3051,-0.29065,0.25714,10375.1221,20.26,0.032933,42.6093,0.013633,1547094.872,1612.1724,18.4045,31.0176,0.13142,9.3297,-2.072,105.079,-0.2758,jackson
-0.30781,-0.298,-0.318,0.0053281,2.84E-05,0.02,-1.731,-0.2124,1.8391,-0.313,-0.30715,-0.3035,0,8152.0191,22.9381,0.027073,33.6466,0.0049155,42731.9588,1288.9859,30.6884,44.9861,0.012116,0.93167,-2.5085,105.1328,-0.298,jackson
-0.30271,-0.2895,-0.3153,0.0056495,3.19E-05,0.0258,-1.8663,-0.048472,2.2568,-0.3073,-0.3029,-0.2982,0.015873,11827.1967,23.7088,0.037099,50.0502,0.0079496,57409280.76,1975.7844,27.033,40.1077,0.021199,2.3716,-2.1326,105.0009,-0.2895,jackson
-0.30109,-0.2897,-0.3124,0.0049541,2.45E-05,0.0227,-1.6454,-0.12541,2.6907,-0.3046,-0.30055,-0.2978,0.039683,11700.0585,23.74,0.037292,49.7908,0.0084576,57358594.77,1984.2998,29.2389,42.2399,0.012286,1.6809,-2.1023,105.4279,-0.2897,jackson
-0.30611,-0.2948,-0.3175,0.0053016,2.81E-05,0.0227,-1.7319,-0.25664,2.1574,-0.3107,-0.30495,-0.3026,0,16124.6654,20.211,0.046505,67.7767,0.010407,76233995466,2619.7565,28.348,41.352,0.023972,2.9468,-1.6492,104.9211,-0.2948,jackson
-0.30334,-0.2729,-0.3393,0.017795,0.00031667,0.0664,-5.8663,-0.16512,1.9408,-0.3178,-0.3002,-0.28928,0.31429,9927.4419,20.104,0.031553,41.656,0.011332,1552071.829,1642.5563,23.2258,36.0472,0.081497,5.9811,-1.6295,104.8899,-0.2729,jackson
-0.30205,-0.2895,-0.3114,0.004172,1.74E-05,0.0219,-1.3812,0.21546,2.9894,-0.3051,-0.3018,-0.2992,0.015873,11773.6297,23.7798,0.037245,49.9405,0.011173,57395696.45,1979.1592,35.2558,46.8464,0.01075,0.88869,-1.7308,104.9916,-0.2895,jackson
-0.30391,-0.2892,-0.3161,0.0054527,2.97E-05,0.0269,-1.7942,0.24478,2.6889,-0.30757,-0.3048,-0.2997,0.026455,17880.4663,21.9451,0.049447,75.752,0.011922,2.80E+12,2970.2812,29.8858,43.2523,0.023715,2.9444,-1.3068,104.8209,-0.2892,jackson
-0.30456,-0.2777,-0.3278,0.011781,0.00013878,0.0501,-3.868,0.099587,2.3087,-0.3155,-0.30475,-0.29705,0.16346,9893.1521,20.5599,0.031667,41.4043,0.0084874,1333250.435,1618.247,19.0643,31.8149,0.07278,4.5863,-2.4167,104.9282,-0.2777,jackson
-0.30002,-0.2821,-0.3173,0.0087366,7.63E-05,0.0352,-2.912,-0.075346,2.0419,-0.308,-0.2995,-0.29352,0.19728,13560.4673,21.4277,0.040646,57.961,0.012289,2108556835,2329.7483,23.1716,36.7116,0.049566,4.7007,-2.0402,104.7401,-0.2821,jackson
-0.29959,-0.2873,-0.3092,0.0050219,2.52E-05,0.0219,-1.6763,0.33209,2.7606,-0.30367,-0.299,-0.2965,0.07619,9652.9619,20.1758,0.032338,41.1409,0.0061669,1567001.222,1655.3846,29.474,42.9926,0.014897,1.2913,-2.3547,104.942,-0.2873,jackson
-0.30507,-0.2929,-0.3185,0.0052677,2.77E-05,0.0256,-1.7267,-0.23165,2.609,-0.30905,-0.3044,-0.30163,0,18017.587,21.9473,0.049941,76.0648,0.0088481,2.78E+12,2960.5861,27.5075,40.1674,0.034048,3.177,-1.5518,104.9862,-0.2929,jackson
-0.30826,-0.2936,-0.321,0.0064027,4.10E-05,0.0274,-2.0771,0.25813,2.1961,-0.31372,-0.3087,-0.30347,0,18398.2231,21.9135,0.04937,76.8488,0.013981,2.80E+12,2935.345,27.5473,41.2466,0.03895,4.242,-1.4437,105.1222,-0.2936,jackson
-0.30834,-0.2975,-0.32,0.0051444,2.65E-05,0.0225,-1.6684,0.067027,2.3068,-0.3124,-0.30885,-0.3046,0,12270.5115,23.7072,0.037415,50.9882,0.0084721,57645826.48,1944.8233,32.6654,45.6528,0.021544,1.1758,-1.9637,105.7286,-0.2975,jackson
-0.30854,-0.2946,-0.3237,0.0065326,4.27E-05,0.0291,-2.1173,-0.023046,2.3655,-0.3131,-0.30875,-0.3034,0,12287.9365,23.9558,0.03743,51.0286,0.0069476,57307761.47,1944.1949,24.6773,37.2332,0.030428,2.5828,-2.1687,105.0454,-0.2946,jackson
-0.30961,-0.3009,-0.3195,0.0043382,1.88E-05,0.0186,-1.4012,-0.2983,2.2881,-0.31275,-0.3092,-0.3058,0,10308.7894,20.2091,0.032466,42.5297,0.0056544,1577217.697,1609.932,30.5411,42.4461,0.013675,0.87635,-2.2802,105.0917,-0.3009,jackson
-0.30928,-0.298,-0.318,0.0040228,1.62E-05,0.02,-1.3007,-0.13216,3.1053,-0.31145,-0.3087,-0.307,0,8229.0207,23.026,0.027165,33.8023,0.005172,42999.5515,1282.9725,35.1631,46.4449,0.0066848,0.47402,-2.3171,105.0505,-0.298,jackson
-0.31174,-0.3007,-0.3276,0.006682,4.46E-05,0.0269,-2.1435,-0.50098,2.4522,-0.31588,-0.3105,-0.30618,0,8462.6107,22.8461,0.027099,34.4694,0.005317,51380.715,1290.6911,27.0299,40.0386,0.016054,1.3654,-2.4395,105.1188,-0.3007,jackson
-0.31326,-0.2973,-0.3344,0.0085222,7.26E-05,0.0371,-2.7205,-0.66618,3.1181,-0.3175,-0.3123,-0.3078,0,8446.926,22.7986,0.027676,34.2761,0.0040133,42689.27,1268.5477,21.1422,33.9807,0.040626,2.1803,-2.6128,105.0848,-0.2973,jackson
-0.30951,-0.2846,-0.333,0.012107,0.00014659,0.0484,-3.9118,0.2199,2.3597,-0.31765,-0.3109,-0.3008,0.11905,8252.3965,23.0276,0.027122,33.8451,0.009628,43067.2377,1282.8561,20.2187,32.9494,0.051939,3.5051,-2.505,104.9453,-0.2846,jackson
-0.29927,-0.277,-0.3286,0.012971,0.00016825,0.0516,-4.3342,-0.075107,2.2514,-0.3087,-0.299,-0.2912,0.28571,11577.6078,23.8016,0.036762,49.4618,0.0079169,57591981.77,1996.311,18.9585,33.4078,0.082344,6.5804,-2.4198,105.0694,-0.277,jackson
-0.30504,-0.2904,-0.3195,0.0063452,4.03E-05,0.0291,-2.0801,0.11392,2.5107,-0.3095,-0.3051,-0.3008,0.017857,16014.6596,20.1949,0.046219,67.5189,0.011918,76660313573,2627.834,26.7169,39.986,0.029879,3.6081,-1.6301,105.0316,-0.2904,jackson
-0.31203,-0.2921,-0.3261,0.0066094,4.37E-05,0.034,-2.1182,0.65393,4.056,-0.3156,-0.3128,-0.3087,0.0079365,12567.5404,23.8663,0.036937,51.573,0.0091633,57808804.49,1926.1177,25.8735,38.6822,0.022668,2.7192,-2.0214,104.9235,-0.2921,jackson
-0.30745,-0.2987,-0.3217,0.0043679,1.91E-05,0.023,-1.4207,-0.60918,4.1616,-0.3095,-0.30765,-0.3044,0,12198.1227,23.9443,0.03707,50.8322,0.0063436,57629419.28,1950.2766,28.3951,40.7084,0.014127,1.6209,-2.1314,104.9161,-0.2987,jackson
-0.30807,-0.297,-0.3151,0.0037073,1.37E-05,0.0181,-1.2034,0.41183,2.9961,-0.3107,-0.308,-0.3058,0,10205.5938,20.1509,0.032457,42.3128,0.0059977,1574538.639,1616.7713,35.4628,48.295,0.011204,0.59118,-2.3028,105.2566,-0.297,jackson
-0.30994,-0.2943,-0.3259,0.0073154,5.35E-05,0.0316,-2.3602,0.049117,2.2841,-0.31522,-0.3102,-0.3046,0,18602.3192,21.9359,0.050023,77.284,0.010458,2.79E+12,2921.2744,24.0479,37.7841,0.047953,5.4972,-1.7519,105.0558,-0.2943,jackson
-0.3277,-0.3073,-0.3434,0.010765,0.00011589,0.0361,-3.2851,0.46373,1.9396,-0.3361,-0.33015,-0.3185,0,13870.2377,23.9562,0.037619,54.1857,0.0078711,58447257.65,1844.4284,26.2273,40.4154,0.064994,3.2779,-1.9768,105.0208,-0.3073,jackson
-0.32565,-0.3112,-0.3391,0.0054119,2.93E-05,0.0279,-1.6619,0.028796,2.9484,-0.32935,-0.3249,-0.32265,0,11405.2917,20.2995,0.032106,44.7236,0.0057517,1595094.188,1541.4132,30.7461,44.1274,0.018712,1.2496,-2.2582,104.8142,-0.3112,jackson
-0.32068,-0.3078,-0.333,0.0072394,5.24E-05,0.0252,-2.2575,0.003573,1.7056,-0.3266,-0.32085,-0.31375,0,8849.8879,22.8577,0.027094,35.0531,0.0039737,43062.5835,1244.4928,25.2167,38.4813,0.025223,1.6604,-2.4895,104.9135,-0.3078,jackson
-0.30665,-0.2948,-0.3151,0.0042853,1.84E-05,0.0203,-1.3975,0.48384,2.5164,-0.31,-0.3073,-0.30375,0,16179.659,20.1882,0.045922,67.8648,0.0086619,76828676305,2616.2462,29.3114,41.7887,0.01373,2.2072,-1.6106,105.0207,-0.2948,jackson
-0.30969,-0.2958,-0.3254,0.0061908,3.83E-05,0.0296,-1.999,-0.078979,2.6547,-0.3136,-0.3097,-0.3056,0,18569.0024,21.9131,0.050029,77.2095,0.013506,2.80E+12,2922.4026,27.6392,39.088,0.025513,4.0678,-0.782,104.9542,-0.2958,jackson
-0.31139,-0.3036,-0.3185,0.0037888,1.44E-05,0.0149,-1.2168,0.31192,2.1619,-0.31425,-0.31205,-0.3083,0,8341.4867,22.9511,0.027029,34.0291,0.0051744,42991.1109,1276.1144,37.2119,49.9748,0.0078382,0.36544,-2.451,105.0465,-0.3036,jackson
-0.30297,-0.2565,-0.342,0.024508,0.00060062,0.0855,-8.0891,0.37617,2.149,-0.3222,-0.3052,-0.28315,0.28571,7946.5399,22.8913,0.025788,33.0436,0.011499,43670.0755,1310.8213,17.853,31.1921,0.14826,6.7365,-2.4703,104.735,-0.2565,jackson
-0.30862,-0.2973,-0.3214,0.0055383,3.07E-05,0.0241,-1.7945,-0.25406,2.4227,-0.3131,-0.308,-0.30475,0,18440.0752,21.9526,0.049604,76.933,0.012651,2.81E+12,2931.4563,30.0065,42.7834,0.024165,3.2667,-1.0065,104.9886,-0.2973,jackson
-0.30953,-0.3002,-0.3205,0.0045714,2.09E-05,0.0203,-1.4769,-0.10082,2.5965,-0.31265,-0.30985,-0.3064,0,8243.0452,22.9968,0.027304,33.8439,0.0040875,42913.4234,1281.9256,29.7984,41.6647,0.013865,0.65308,-2.51,104.9204,-0.3002,jackson
-0.30973,-0.3004,-0.3188,0.0042326,1.79E-05,0.0184,-1.3665,0.27295,2.2359,-0.31295,-0.3102,-0.30673,0,10316.6206,20.1837,0.032171,42.5292,0.0067779,1573613.39,1610.2217,34.8596,47.4483,0.013194,0.63275,-2.2465,104.9723,-0.3004,jackson
-0.31048,-0.2963,-0.3266,0.0065378,4.27E-05,0.0303,-2.1057,-0.2141,2.7519,-0.3144,-0.31,-0.30568,0,8394.2709,23.0581,0.027512,34.3783,0.0050814,50602.6553,1295.0391,30.4697,42.5494,0.011192,1.331,-2.1462,105.4881,-0.2963,jackson
-0.31059,-0.3026,-0.3192,0.0043152,1.86E-05,0.0166,-1.3894,-0.2057,1.985,-0.3141,-0.31,-0.307,0,8397.8562,22.8907,0.027229,34.3551,0.0037483,51050.9824,1294.6324,29.2422,42.2075,0.011612,0.79741,-2.5685,105.1335,-0.3026,jackson
-0.30999,-0.2831,-0.3288,0.0091287,8.33E-05,0.0457,-2.9448,0.87794,4.1382,-0.3158,-0.3106,-0.3074,0.071429,16545.8274,20.2646,0.046654,68.6495,0.012297,75542524606,2592.9174,23.1209,36.3546,0.048472,6.8499,-1.5238,104.9582,-0.2831,jackson
-0.31034,-0.2892,-0.3268,0.0085166,7.25E-05,0.0376,-2.7443,0.50089,2.4655,-0.31595,-0.3124,-0.3044,0.017857,16580.5054,20.3456,0.045754,68.6796,0.011268,76958528758,2590.8783,23.7836,38.7802,0.047121,5.7188,-1.938,105.0007,-0.2892,jackson
-0.31767,-0.3034,-0.3388,0.0088566,7.84E-05,0.0354,-2.788,-0.37581,2.2434,-0.3239,-0.31585,-0.3105,0,13030.5148,23.798,0.037555,52.5365,0.0080453,57813224.16,1895.6764,26.6708,40.4967,0.053679,2.2802,-2.1549,104.8549,-0.3034,jackson
-0.31288,-0.299,-0.3246,0.0057909,3.35E-05,0.0256,-1.8509,0.5117,2.9802,-0.31665,-0.3136,-0.3097,0,10528.8024,20.3549,0.032235,42.9766,0.0054905,1577125.341,1596.2531,27.7187,40.9631,0.015375,1.6294,-2.3012,104.9985,-0.299,jackson
-0.30935,-0.2909,-0.331,0.011734,0.00013768,0.0401,-3.793,-0.27407,1.8083,-0.31905,-0.307,-0.29842,0.028571,10304.0808,20.358,0.031936,42.4622,0.009296,1575027.077,1613.5011,22.0552,35.5405,0.057377,3.6124,-2.312,104.6969,-0.2909,jackson
-0.30869,-0.2965,-0.3237,0.0062347,3.89E-05,0.0272,-2.0197,-0.27419,2.2948,-0.31345,-0.308,-0.3041,0,18448.9861,21.916,0.049961,76.9739,0.015666,2.78E+12,2931.2638,28.4948,42.0904,0.029632,3.9349,-1.2494,105.0095,-0.2965,jackson
-0.30992,-0.2953,-0.3232,0.0054037,2.92E-05,0.0279,-1.7436,0.055646,2.6122,-0.3136,-0.30985,-0.3063,0,12396.1517,23.9424,0.036621,51.2203,0.0098925,57812462.83,1937.9147,30.6003,43.3253,0.017539,1.6051,-1.9188,104.9445,-0.2953,jackson
-0.31012,-0.2921,-0.3305,0.0076672,5.88E-05,0.0384,-2.4723,0.078791,2.9909,-0.31505,-0.3105,-0.3058,0.0068027,14485.642,21.4345,0.041914,59.9803,0.01325,2097410871,2264.0308,26.9208,38.8169,0.034804,3.4442,-1.4557,105.0414,-0.2921,jackson
-0.31009,-0.2948,-0.3337,0.0090842,8.25E-05,0.0389,-2.9295,-0.94323,3.4488,-0.31325,-0.3074,-0.30505,0,8277.8501,22.9959,0.027453,33.9117,0.0060932,42680.8324,1280.337,23.1593,36.8449,0.035061,1.993,-2.5601,105.2173,-0.2948,jackson
-0.30819,-0.2797,-0.3478,0.016753,0.00028066,0.0681,-5.4358,-0.32535,2.5482,-0.3191,-0.30725,-0.29885,0.19048,8193.8974,22.9638,0.026717,33.6748,0.015032,42632.1217,1289.553,17.556,28.7077,0.085623,5.7006,-2.375,105.1059,-0.2797,jackson
-0.31606,-0.289,-0.3398,0.013304,0.00017699,0.0508,-4.2093,0.013516,2.2145,-0.3266,-0.31265,-0.309,0.02381,8607.3632,22.9826,0.027825,34.5774,0.0073483,42918.3751,1258.9258,22.2367,36.0125,0.062275,2.9398,-2.468,104.927,-0.289,jackson
-0.31735,-0.3044,-0.33,0.0052354,2.74E-05,0.0256,-1.6497,0.02692,2.9553,-0.32055,-0.3178,-0.3141,0,10831.4656,20.173,0.032436,43.5865,0.0052382,1586045.097,1576.1573,27.227,40.7896,0.016798,1.5945,-2.4078,104.1206,-0.3044,jackson
-0.32129,-0.3051,-0.3322,0.0068464,4.69E-05,0.0271,-2.1309,0.77617,2.8245,-0.326,-0.32235,-0.31815,0,8883.1407,23.1454,0.027513,35.1518,0.0042352,42854.5026,1241.4707,27.5192,40.083,0.02518,1.0825,-2.4371,104.848,-0.3051,jackson
-0.35684,-0.3344,-0.3806,0.012119,0.00014686,0.0462,-3.3961,0.18945,1.927,-0.36735,-0.3571,-0.34555,0,10965.3402,22.8448,0.026837,39.0122,0.0044999,44267.7245,1128.2794,22.8443,34.9911,0.048359,3.0674,-2.2158,105.021,-0.3344,jackson
-0.35802,-0.3317,-0.3801,0.01226,0.0001503,0.0484,-3.4243,0.54809,2.5431,-0.3671,-0.3597,-0.35015,0,11038.3222,22.8896,0.026775,39.1187,0.0054567,44426.4185,1124.569,18.1815,31.303,0.052193,4.5481,-2.6013,104.8886,-0.3317,jackson
-0.36498,-0.3425,-0.3821,0.0089214,7.96E-05,0.0396,-2.4443,0.54655,2.9106,-0.3718,-0.3653,-0.3605,0,17197.616,23.8052,0.037449,60.3545,0.0066812,59988133.88,1666.11,23.5253,36.0113,0.039501,4.0814,-1.9442,104.793,-0.3425,jackson
-0.3632,-0.3508,-0.3747,0.00586,3.43E-05,0.0239,-1.6135,0.63597,2.6103,-0.3671,-0.3642,-0.36065,0,11349.4307,23.0265,0.027194,39.7068,0.0049539,44323.394,1107.7593,30.6311,44.8261,0.014919,0.94148,-2.4637,104.9252,-0.3508,jackson
-0.36905,-0.3603,-0.3784,0.0044748,2.00E-05,0.0181,-1.2125,-0.16254,2.1673,-0.3732,-0.3676,-0.3662,0,14646.2443,20.2909,0.032334,50.6854,0.004137,1637737.195,1369.1228,31.6311,45.343,0.01262,0.92453,-2.341,104.8571,-0.3603,jackson
-0.36079,-0.3452,-0.3806,0.007275,5.29E-05,0.0354,-2.0164,-0.59794,3.3572,-0.3644,-0.3602,-0.3561,0,16801.4292,23.7774,0.037364,59.6617,0.0066452,59419983.38,1685.6662,23.6088,35.7749,0.030083,3.3041,-2.0703,105.0599,-0.3452,jackson
-0.3574,-0.3452,-0.3693,0.005048,2.55E-05,0.0241,-1.4124,0.2344,2.5492,-0.3613,-0.3576,-0.3539,0,21978.6043,20.2718,0.046209,79.1078,0.0069228,79414443026,2277.077,28.2776,40.3119,0.020408,2.666,-1.5287,105.0279,-0.3452,jackson
-0.34493,-0.3158,-0.3938,0.016413,0.00026937,0.078,-4.7583,-1.0753,4.3465,-0.3488,-0.3443,-0.3347,0,15385.1323,23.7661,0.035865,56.9993,0.010353,59007820.43,1763.6377,19.3666,32.3241,0.093047,9.675,-1.8846,105.0081,-0.3158,jackson
-0.32521,-0.2936,-0.3671,0.018542,0.00034382,0.0735,-5.7016,-0.21387,2.021,-0.34125,-0.3259,-0.31065,0,11408.1966,20.1168,0.032814,44.6895,0.0098583,1580249.435,1543.5536,17.0327,29.4574,0.14374,7.6502,-2.3866,104.9381,-0.2936,jackson
-0.32172,-0.3056,-0.3366,0.0087445,7.65E-05,0.031,-2.7181,0.21505,1.9092,-0.3294,-0.3217,-0.31475,0,8909.4256,22.874,0.027168,35.1593,0.0055782,43320.002,1240.3607,23.5915,36.3428,0.030045,1.9737,-2.4685,104.6814,-0.3056,jackson
-0.33043,-0.3017,-0.3554,0.012618,0.0001592,0.0537,-3.8186,0.21004,2.3875,-0.33975,-0.33065,-0.32145,0,9404.8842,22.873,0.026884,36.1272,0.0085664,43423.4944,1212.2336,20.6809,33.1049,0.043914,3.5072,-2.4083,104.9966,-0.3017,jackson
-0.33408,-0.3139,-0.3776,0.012942,0.0001675,0.0637,-3.874,-1.0357,4.449,-0.34058,-0.3332,-0.32483,0,21632.6776,21.9146,0.050613,83.3079,0.013583,2.83E+12,2734.5015,20.2792,33.4813,0.12989,11.2735,-1.4954,104.9165,-0.3139,jackson
-0.33025,-0.3012,-0.3481,0.010071,0.00010142,0.0469,-3.0494,0.7426,3.1725,-0.33895,-0.33135,-0.3245,0,18780.0917,20.2143,0.045381,73.0733,0.013862,78309316322,2453.4464,21.883,34.7705,0.06306,7.5421,-1.5223,104.61,-0.3012,jackson
-0.33814,-0.3217,-0.3498,0.005255,2.76E-05,0.0281,-1.5541,0.40914,3.7011,-0.3415,-0.33845,-0.3351,0,9837.0519,22.8896,0.027251,36.9573,0.0047006,43925.5785,1184.909,34.957,44.8222,0.008766,0.64676,-1.8607,105.0069,-0.3217,lucas
-0.33352,-0.3156,-0.3559,0.010387,0.00010788,0.0403,-3.1142,-0.42505,2.0909,-0.34285,-0.3311,-0.32565,0,9577.2917,22.9954,0.027588,36.4844,0.0046505,43403.2149,1200.3167,22.2014,36.9883,0.049825,2.5265,-2.628,104.9063,-0.3156,lucas
-0.32892,-0.2926,-0.3586,0.012667,0.00016046,0.066,-3.8511,0.45575,3.2356,-0.3373,-0.3308,-0.32107,0,20969.5171,22.0248,0.049259,81.9938,0.018402,2.84E+12,2774.7154,17.8959,30.3603,0.10716,14.8203,-1.6618,105.0009,-0.2926,lucas
-0.33619,-0.3244,-0.351,0.0052435,2.75E-05,0.0266,-1.5597,-0.1182,3.4533,-0.3391,-0.33675,-0.3332,0,14586.6079,23.9243,0.037118,55.5837,0.0061222,58942335.25,1802.3374,29.3881,43.2389,0.021556,1.6708,-2.1861,104.9819,-0.3244,lucas
-0.33721,-0.3232,-0.3476,0.0069717,4.86E-05,0.0244,-2.0674,0.34522,2.0171,-0.3433,-0.3382,-0.3316,0,9785.2401,22.8761,0.027229,36.8767,0.0055127,43578.4185,1188.9128,28.2908,42.0243,0.022579,1.2631,-2.488,105.0585,-0.3232,lucas
-0.33661,-0.3225,-0.3508,0.006743,4.55E-05,0.0283,-2.0032,-0.054493,2.1933,-0.3422,-0.3361,-0.3322,0,14625.3543,23.7355,0.036918,55.6356,0.0067878,59014434.91,1800.7806,25.7429,38.9216,0.026419,2.636,-2.156,104.991,-0.3225,lucas
-0.33649,-0.3273,-0.3469,0.0046002,2.12E-05,0.0196,-1.3671,0.0058186,2.1907,-0.3398,-0.3364,-0.33293,0,12176.2271,20.3099,0.032204,46.2083,0.0043564,1609960.731,1496.1442,30.8703,43.2822,0.017247,0.87927,-2.353,105.11,-0.3273,lucas
-0.33736,-0.3264,-0.3513,0.0060113,3.61E-05,0.0249,-1.7819,-0.10106,2.1551,-0.342,-0.3376,-0.332,0,9792.815,23.0871,0.027412,36.8994,0.0052331,43782.1822,1187.5714,31.6124,43.9327,0.020679,0.72749,-2.4655,105.1147,-0.3264,lucas
-0.33488,-0.3219,-0.3456,0.0048713,2.37E-05,0.0237,-1.4547,-0.031492,2.4091,-0.3388,-0.3342,-0.33105,0,16884.3425,21.4567,0.041567,64.7269,0.0072663,2143948814,2115.4601,30.495,42.8666,0.020582,1.7805,-1.7659,105.0733,-0.3219,lucas
-0.33352,-0.32,-0.3439,0.0060049,3.61E-05,0.0239,-1.8005,0.083156,2.1412,-0.3386,-0.33335,-0.3288,0,9570.8457,22.9188,0.027216,36.4671,0.0042232,43686.7776,1200.6885,25.0394,36.6175,0.02039,1.3376,-2.4877,105.083,-0.32,lucas
-0.33591,-0.3288,-0.3466,0.0034449,1.19E-05,0.0178,-1.0255,-0.29025,2.8392,-0.3386,-0.3356,-0.3334,0,12133.099,20.1951,0.032326,46.1286,0.0047307,1605215.247,1498.3566,33.3092,44.7006,0.0070881,0.70132,-2.2057,105.0539,-0.3288,lucas
-0.33504,-0.3205,-0.351,0.0058278,3.40E-05,0.0305,-1.7394,-0.18415,3.3773,-0.33787,-0.3347,-0.3317,0,12072.9306,20.1494,0.0324,46.025,0.0056988,1601173.506,1501.9538,28.4723,41.3815,0.01969,1.5166,-2.2478,105.1399,-0.3205,lucas
-0.33653,-0.3232,-0.3452,0.0043555,1.90E-05,0.022,-1.2942,0.69439,3.544,-0.33973,-0.3369,-0.3342,0,9627.2202,22.1077,0.026942,36.3445,0.0064242,36799.7771,1176.3024,37.7373,50.5002,0.0085884,0.40322,-2.3514,104.9388,-0.3232,lucas
-0.33838,-0.3288,-0.3488,0.0051293,2.63E-05,0.02,-1.5158,-0.033696,1.9953,-0.3427,-0.3386,-0.3339,0,12314.2986,20.1307,0.032499,46.482,0.0076498,1605943.509,1487.7013,31.2545,42.9845,0.012494,1.1703,-2.0345,105.0125,-0.3288,lucas
-0.33903,-0.3246,-0.3532,0.0064502,4.16E-05,0.0286,-1.9025,0.012874,2.1897,-0.3439,-0.3393,-0.3337,0,14835.392,23.8079,0.037199,56.0532,0.0090746,58883494.89,1788.2155,29.9054,42.1142,0.027207,1.819,-1.8018,104.8948,-0.3246,lucas
-0.33987,-0.3254,-0.3596,0.0066898,4.48E-05,0.0342,-1.9684,-0.40332,3.253,-0.34405,-0.33945,-0.3354,0,9939.456,22.8272,0.027172,37.1512,0.004388,43817.95,1180.3017,24.972,38.3013,0.019421,1.6142,-2.5402,105.4651,-0.3254,lucas
-0.34093,-0.3266,-0.3554,0.0061838,3.82E-05,0.0288,-1.8138,0.28597,2.4085,-0.3456,-0.3417,-0.3366,0,15002.1384,23.7665,0.037291,56.3743,0.0074462,58678898.81,1779.276,26.6171,40.1657,0.0235,2.5657,-2.1182,104.9815,-0.3266,lucas
-0.34036,-0.3197,-0.3591,0.0070933,5.03E-05,0.0394,-2.0841,0.11677,3.5915,-0.34477,-0.3403,-0.33595,0,17445.6231,21.4659,0.042358,65.8468,0.0094333,2136014044,2083.45,26.3215,37.5982,0.025697,3.5777,-1.3569,106.0586,-0.3197,lucas
-0.33695,-0.2975,-0.3676,0.019296,0.00037233,0.0701,-5.7266,0.40856,2.225,-0.35245,-0.3393,-0.32575,0,9797.774,22.8278,0.026414,36.788,0.0084927,44376.006,1191.6957,19.4202,32.497,0.086775,6.0346,-2.3284,105.6254,-0.2975,lucas
-0.33575,-0.286,-0.3884,0.027112,0.00073506,0.1024,-8.075,-0.090356,2.058,-0.3565,-0.33625,-0.3109,0.053571,19518.5347,20.1949,0.044362,74.2733,0.020673,79566156555,2423.4189,13.0649,25.2923,0.3948,28.1377,-2.3458,105.0311,-0.286,lucas
-0.34088,-0.3007,-0.3769,0.019413,0.00037685,0.0762,-5.6949,0.34296,2.4194,-0.3554,-0.34175,-0.3312,0,15040.4541,23.8843,0.036683,56.369,0.0095601,58675506.72,1782.6922,16.52,29.8122,0.13268,12.2996,-2.2756,104.9436,-0.3007,lucas
-0.33514,-0.3087,-0.3623,0.0151,0.000228,0.0536,-4.5056,0.03699,1.9537,-0.3469,-0.3366,-0.32328,0,12100.5264,20.265,0.032329,46.0652,0.0082424,1583182.118,1503.2991,26.0422,38.5384,0.064135,3.9225,-1.4675,105.2246,-0.3087,lucas
-0.33732,-0.3036,-0.3654,0.013582,0.00018447,0.0618,-4.0264,0.2057,2.6661,-0.3469,-0.3373,-0.32915,0,21940.4259,21.9577,0.049001,83.6337,0.018457,2.40E+12,2697.8553,18.6932,31.5405,0.11089,13.6645,-1.5699,104.9996,-0.3036,lucas
-0.34076,-0.3246,-0.3659,0.008838,7.81E-05,0.0413,-2.5936,-0.56097,2.9924,-0.3464,-0.3403,-0.33335,0,22487.2739,22.024,0.049462,84.9377,0.0139,2.89E+12,2684.7887,25.6744,38.8175,0.048465,6.5716,-0.9632,104.9341,-0.3246,lucas
-0.34997,-0.3386,-0.3696,0.0076225,5.81E-05,0.031,-2.178,-0.6374,2.5917,-0.35533,-0.3478,-0.34385,0,13175.094,20.1805,0.032055,48.0411,0.0059611,1627711.91,1442.5341,23.3273,34.6596,0.03376,2.4301,-2.2465,104.9248,-0.3386,lucas
-0.34784,-0.3351,-0.3559,0.0041294,1.71E-05,0.0208,-1.1872,0.35736,3.333,-0.3505,-0.3478,-0.3454,0,13010.6624,20.2648,0.032227,47.761,0.0033794,1624939.495,1450.353,28.9408,40.8826,0.0093138,1.0278,-2.322,104.9392,-0.3351,lucas
-0.34794,-0.3366,-0.3671,0.0071462,5.11E-05,0.0305,-2.0538,-0.82008,3.3283,-0.3505,-0.34665,-0.3437,0,10417.8726,22.8595,0.027011,38.0268,0.0052475,44006.3969,1155.0992,25.3338,38.7055,0.021106,1.7872,-2.5013,104.8955,-0.3366,lucas
-0.33775,-0.3112,-0.3544,0.011752,0.00013811,0.0432,-3.4795,0.59347,2.1272,-0.3476,-0.34135,-0.3289,0,9824.0186,22.8738,0.026767,36.9079,0.0062719,43996.6535,1188.1957,19.6443,32.1885,0.055404,3.3452,-2.5393,105.1205,-0.3112,lucas
-0.35509,-0.3251,-0.3921,0.019354,0.00037456,0.067,-5.4503,-0.29119,1.9622,-0.37035,-0.35345,-0.33625,0,10877.5272,22.8154,0.02727,38.8457,0.0065433,44344.2079,1133.2513,17.0909,30.8052,0.12208,5.722,-2.6284,104.8229,-0.3251,lucas
-0.35254,-0.3325,-0.374,0.010308,0.00010626,0.0415,-2.924,0.099616,2.2367,-0.3601,-0.3527,-0.34573,0,10826.8586,22.7852,0.028004,39.0549,0.006212,52233.0878,1152.9956,20.2171,32.4073,0.034491,3.1721,-2.4788,105.8081,-0.3325,lucas
-0.34858,-0.3303,-0.3706,0.010095,0.00010191,0.0403,-2.8961,-0.45786,2.3423,-0.3552,-0.3461,-0.34075,0,10460.4239,22.9385,0.026825,38.0884,0.0035509,44453.8407,1153.1015,20.6956,34.0402,0.052011,2.2981,-2.6444,104.9392,-0.3303,lucas
-0.35236,-0.3303,-0.3654,0.0086356,7.46E-05,0.0351,-2.4508,0.60076,2.6096,-0.35915,-0.3537,-0.3467,0,10813.3059,22.9322,0.027071,38.9735,0.0062586,52680.4733,1155.3645,26.5638,40.8551,0.029945,1.6284,-2.4874,105.4148,-0.3303,lucas
-0.35062,-0.3256,-0.3725,0.012184,0.00014845,0.0469,-3.475,0.34102,2.0404,-0.36045,-0.352,-0.34058,0,18527.017,21.3486,0.041033,67.7576,0.008845,2187113050,2027.6283,21.4531,34.8682,0.093432,7.4914,-1.8571,104.9104,-0.3256,lucas
-0.34545,-0.3183,-0.3811,0.016763,0.00028101,0.0628,-4.8527,-0.30337,1.9546,-0.36207,-0.3437,-0.3311,0,12860.8663,20.1834,0.032258,47.4255,0.0105,1612992.822,1461.8549,16.1351,29.0122,0.10954,8.5948,-2.4927,104.9458,-0.3183,lucas
-0.34792,-0.3234,-0.3696,0.010019,0.00010038,0.0462,-2.8797,0.3252,3.531,-0.3532,-0.3488,-0.3442,0,10420.8525,23.0126,0.027024,38.0337,0.0066829,44298.5135,1154.9006,20.7068,32.8282,0.033244,3.1174,-2.4502,104.6756,-0.3234,lucas
-0.34979,-0.332,-0.3684,0.0077352,5.98E-05,0.0364,-2.2114,0.17675,2.2988,-0.3558,-0.3513,-0.3432,0,21059.0714,20.2421,0.045837,77.4151,0.0097492,78963445736,2325.5392,23.1247,34.8692,0.05592,5.1282,-1.6008,104.9902,-0.332,lucas
-0.34678,-0.3354,-0.3544,0.0042229,1.78E-05,0.019,-1.2178,0.1804,2.5315,-0.3503,-0.3466,-0.3439,0,12931.7219,20.2922,0.03244,47.6323,0.004359,1613581.814,1454.3423,31.2914,42.8994,0.013627,0.71856,-2.2892,104.9022,-0.3354,lucas
-0.34543,-0.299,-0.3887,0.023045,0.00053107,0.0897,-6.6714,0.069354,2.0231,-0.3647,-0.3444,-0.3283,0,23195.6223,21.971,0.049287,86.1202,0.022115,2.86E+12,2656.0825,14.8516,27.2653,0.34964,25.9401,-2.0184,104.9386,-0.299,lucas
-0.34382,-0.3261,-0.3838,0.011106,0.00012334,0.0577,-3.2301,-1.4795,5.5053,-0.34855,-0.3408,-0.3364,0,17812.4446,21.456,0.040688,66.4769,0.006797,2142904210,2066.8995,28.8469,40.8814,0.040819,4.5602,-0.19904,104.943,-0.3261,lucas
-0.31803,-0.2914,-0.3432,0.011052,0.00012214,0.0518,-3.475,0.05314,2.8794,-0.3254,-0.31705,-0.3112,0.0079365,13065.7926,23.7772,0.036734,52.589,0.014631,57910301.23,1895.8548,24.5873,36.7758,0.048033,4.7954,-1.501,104.8267,-0.2914,lucas
-0.31526,-0.3007,-0.3308,0.0080155,6.42E-05,0.0301,-2.5425,0.002915,1.8658,-0.3227,-0.315,-0.3087,0,12831.7988,23.7137,0.037109,52.1197,0.010192,57831821.21,1909.1098,23.1403,35.2468,0.032633,3.7359,-1.9895,104.9316,-0.3007,lucas
-0.3278,-0.3095,-0.3535,0.0088639,7.86E-05,0.044,-2.7041,-0.11441,2.5594,-0.33395,-0.3282,-0.3207,0,18498.6286,20.2193,0.045085,72.5066,0.013785,78466808168,2470.0059,24.972,37.6027,0.035631,6.5046,-1.0238,105.0648,-0.3095,lucas
-0.33956,-0.3244,-0.3625,0.0078249,6.12E-05,0.0381,-2.3044,-0.54957,3.0806,-0.3437,-0.3386,-0.33435,0,14766.2323,23.7781,0.036807,55.7024,0.0081926,49454338.65,1772.3566,25.965,37.1315,0.022899,3.4626,-1.4406,104.7586,-0.3244,lucas
-0.34828,-0.3151,-0.3894,0.016756,0.00028077,0.0743,-4.8111,-0.26943,2.5296,-0.35715,-0.3476,-0.3369,0,20915.5725,20.2091,0.046448,77.0924,0.013197,79127152857,2335.6364,19.0825,32.0131,0.13942,12.9208,-1.5358,104.9541,-0.3151,lucas
-0.35237,-0.3415,-0.3632,0.0062318,3.88E-05,0.0217,-1.7685,0.13029,1.7761,-0.3571,-0.35385,-0.3455,0,10683.6032,22.9508,0.027211,38.5326,0.0042037,43957.1882,1141.013,28.0131,40.1845,0.015576,1.2486,-2.3442,104.9188,-0.3415,lucas
-0.34981,-0.3395,-0.3571,0.0035333,1.25E-05,0.0176,-1.01,0.3039,2.5598,-0.3527,-0.35,-0.3471,0,13158.5556,20.1266,0.032271,48.0328,0.003969,1625149.37,1442.515,34.5846,47.0598,0.0090399,0.61135,-2.2887,104.9954,-0.3395,lucas
-0.35127,-0.3388,-0.3642,0.0049756,2.48E-05,0.0254,-1.4165,-0.13075,2.9593,-0.3547,-0.35115,-0.3478,0,15923.7207,23.8781,0.037181,58.0749,0.0069971,59388208.46,1729.7194,30.2713,41.9928,0.017931,1.4353,-1.891,105.0588,-0.3388,lucas
-0.34528,-0.3354,-0.3539,0.0038763,1.50E-05,0.0185,-1.1227,0.20641,2.659,-0.34795,-0.3456,-0.3426,0,20511.7587,20.2704,0.046108,76.4297,0.0071114,78626688342,2353.6444,31.9261,43.9974,0.01434,1.7227,-1.5628,105.0226,-0.3354,lucas
-0.34705,-0.3383,-0.3564,0.0044899,2.02E-05,0.0181,-1.2937,-0.37141,2.3543,-0.35045,-0.3464,-0.3439,0,10238.3373,21.8754,0.027094,37.4949,0.0039669,37063.8712,1142.7793,30.1612,40.9336,0.010296,0.67959,-2.4168,104.8864,-0.3383,lucas
-0.34092,-0.3312,-0.3522,0.0039314,1.55E-05,0.021,-1.1532,-0.16102,2.6078,-0.3437,-0.341,-0.3378,0,19997.339,20.2627,0.046313,75.4706,0.0064626,78331149266,2381.3471,32.27,43.7849,0.019109,1.5367,-1.5472,104.9276,-0.3312,lucas
-0.34137,-0.3281,-0.3527,0.0049775,2.48E-05,0.0246,-1.4581,-0.13108,2.5279,-0.3447,-0.3415,-0.33775,0,22558.1717,21.9225,0.05005,85.1164,0.0086956,2.85E+12,2679.8769,28.2602,40.8111,0.020288,3.1737,-1.3708,104.9289,-0.3281,lucas
-0.34199,-0.3227,-0.3569,0.0064122,4.11E-05,0.0342,-1.8749,0.04249,3.2661,-0.3455,-0.3415,-0.33845,0,20127.9517,20.2356,0.045713,75.6928,0.012055,78611489955,2375.4771,28.1481,40.5028,0.032847,3.2672,-1.3659,104.9164,-0.3227,lucas
-0.3411,-0.3266,-0.3542,0.0060772,3.69E-05,0.0276,-1.7817,0.12453,2.335,-0.3456,-0.3415,-0.3366,0,22524.731,21.9746,0.049638,85.0452,0.01255,2.86E+12,2682.5597,27.3659,39.7042,0.026374,4.3637,-1.0651,104.9106,-0.3266,lucas
-0.33847,-0.3283,-0.3525,0.005994,3.59E-05,0.0242,-1.7709,-0.39548,2.1774,-0.34285,-0.3373,-0.3334,0,22061.5252,22.0892,0.049789,83.9393,0.014113,2.40E+12,2687.0035,27.8913,39.6556,0.026689,4.0259,-0.92134,105.1855,-0.3283,lucas
-0.3386,-0.3239,-0.3496,0.0060541,3.67E-05,0.0257,-1.788,0.6989,2.8236,-0.343,-0.3403,-0.3351,0,9864.7074,22.8467,0.027337,37.0251,0.005928,43733.2105,1184.067,29.5425,43.4046,0.013948,1.1117,-2.4517,104.9751,-0.3239,lucas
-0.34007,-0.3288,-0.3498,0.0050808,2.58E-05,0.021,-1.494,0.33643,2.345,-0.3439,-0.341,-0.3366,0,9949.613,22.829,0.027037,37.1761,0.0055683,43770.1993,1179.9315,32.3948,44.1678,0.013047,0.6637,-2.3415,104.8157,-0.3288,lucas
-0.33976,-0.3217,-0.3581,0.0069736,4.86E-05,0.0364,-2.0525,0.15361,2.971,-0.3439,-0.3408,-0.3344,0,14900.5864,23.9418,0.037176,56.1877,0.0089086,58785017.37,1785.0161,24.0869,35.4264,0.023537,3.3967,-1.9067,104.9718,-0.3217,lucas
-0.34073,-0.3305,-0.3513,0.0053991,2.92E-05,0.0208,-1.5846,-0.31273,2.0181,-0.34477,-0.3398,-0.3361,0,9869.9048,22.1661,0.027007,36.7959,0.0058761,36874.0336,1162.6203,33.722,45.9275,0.013919,0.69579,-2.2867,104.9423,-0.3305,lucas
-0.36112,-0.3391,-0.3965,0.014435,0.00020837,0.0574,-3.9972,-0.68142,2.573,-0.37018,-0.3576,-0.35035,0,19661.3473,21.3833,0.042202,69.8333,0.009544,2177854820,1969.4612,20.6341,33.5372,0.11605,7.98,-1.8027,104.8926,-0.3391,lucas
-0.35941,-0.3444,-0.3799,0.0069509,4.83E-05,0.0355,-1.934,-0.19459,3.5056,-0.363,-0.35895,-0.3554,0,16672.8125,23.8005,0.03696,59.4118,0.0077579,59934457.9,1692.2596,25.5463,38.0517,0.027713,2.8274,-2.0092,104.902,-0.3444,lucas
-0.35699,-0.3398,-0.373,0.0083181,6.92E-05,0.0332,-2.3301,-0.03353,2.1046,-0.3642,-0.3564,-0.351,0,16451.6665,23.7597,0.037104,59.0325,0.0078603,59151482.79,1703.798,24.9111,37.5832,0.039458,3.6395,-1.9297,105.0648,-0.3398,lucas
-0.35676,-0.343,-0.3669,0.006133,3.76E-05,0.0239,-1.7191,0.38737,2.366,-0.3619,-0.357,-0.3525,0,10951.3783,22.9816,0.027243,39.0141,0.0041463,44084.9199,1127.3102,29.8055,42.9465,0.014831,1.1329,-2.3959,105.6593,-0.343,lucas
-0.35626,-0.3439,-0.3666,0.0050714,2.57E-05,0.0227,-1.4235,0.17607,2.6509,-0.35942,-0.3564,-0.353,0,13649.451,20.1829,0.03222,48.919,0.0052251,1627509.956,1417.7064,29.8666,42.5449,0.013447,1.0417,-2.2805,104.7787,-0.3439,lucas
-0.35546,-0.3459,-0.3671,0.0047477,2.25E-05,0.0212,-1.3357,-0.30052,2.5969,-0.35845,-0.3549,-0.3521,0,21740.3513,20.1816,0.046304,78.6885,0.010213,78959608145,2289.0832,31.2401,42.6929,0.014593,2.1305,-1.0952,105.0403,-0.3459,lucas
-0.35444,-0.3378,-0.3657,0.0059395,3.53E-05,0.0279,-1.6758,0.56883,2.7581,-0.3588,-0.3559,-0.35023,0,16084.609,23.8023,0.03647,58.1023,0.0065689,50309245.74,1702.0071,26.1451,38.7822,0.019001,2.403,-2.0689,105.0137,-0.3378,lucas
-0.3525,-0.3408,-0.3664,0.005755,3.31E-05,0.0256,-1.6326,-0.44014,2.6963,-0.3559,-0.3518,-0.3486,0,18582.2293,21.3704,0.041331,67.6705,0.0078212,1827498465,2002.9073,29.9703,42.4889,0.021455,2.2825,-1.5773,105.0845,-0.3408,lucas
-0.3575,-0.3452,-0.3686,0.0050739,2.57E-05,0.0234,-1.4193,0.09694,2.2631,-0.3614,-0.3576,-0.3535,0,21991.6798,20.1989,0.045943,79.1265,0.007436,79486314575,2276.7574,28.8893,40.8458,0.02048,2.3516,-1.545,105.0544,-0.3452,lucas
-0.35695,-0.3261,-0.3796,0.011292,0.00012752,0.0535,-3.1636,0.66131,3.3364,-0.3649,-0.3579,-0.3515,0,16455.8428,23.7086,0.037392,59.0368,0.010958,58978174.43,1703.7318,20.5525,32.8778,0.052672,5.9211,-2.003,105.0055,-0.3261,lucas
-0.35851,-0.3471,-0.3732,0.0050091,2.51E-05,0.0261,-1.3972,-0.094439,2.7029,-0.3623,-0.3583,-0.3549,0,22246.6707,20.0861,0.046241,79.8323,0.0084331,94040850270,2284.3617,31.3991,44.1549,0.017389,2.0545,-1.4446,105.2481,-0.3471,lucas
-0.357,-0.3202,-0.3889,0.014088,0.00019846,0.0687,-3.9461,0.23437,3.2799,-0.3674,-0.3576,-0.3488,0,21959.8297,20.2139,0.046566,79.071,0.01051,78765565449,2280.7406,20.665,33.386,0.12681,9.2641,-1.5499,104.8381,-0.3202,lucas
-0.35885,-0.3508,-0.3698,0.0048966,2.40E-05,0.019,-1.3645,-0.17655,2.1637,-0.3625,-0.3591,-0.35455,0,11078.8979,22.8262,0.02697,39.2189,0.0034003,44317.1111,1121.2751,27.773,39.9866,0.011787,1.0228,-2.493,104.8963,-0.3508,lucas
-0.36308,-0.3425,-0.3891,0.014513,0.00021063,0.0466,-3.9973,-0.21475,1.6599,-0.37875,-0.3601,-0.3503,0,11356.9029,22.8288,0.027113,39.6999,0.005288,44377.2189,1108.8957,19.4052,33.2628,0.074539,4.0414,-2.5821,104.7694,-0.3425,lucas
-0.36459,-0.3535,-0.3747,0.0050546,2.55E-05,0.0212,-1.3864,0.33502,2.189,-0.3686,-0.3649,-0.3608,0,20012.3397,21.3481,0.04178,70.4839,0.0065708,2189234286,1950.6601,29.8715,41.8111,0.01832,2.0017,-1.697,104.9138,-0.3535,lucas
-0.36762,-0.3461,-0.3872,0.0081629,6.66E-05,0.0411,-2.2205,-0.016765,3.1124,-0.372,-0.3681,-0.362,0,17445.2427,23.7781,0.037075,60.779,0.0079857,60277986.09,1654.6931,25.421,38.2509,0.044042,3.2775,-2.0279,104.9425,-0.3461,lucas
-0.3659,-0.3515,-0.3847,0.006128,3.76E-05,0.0332,-1.6748,-0.55171,4.4888,-0.3679,-0.3659,-0.36315,0,14399.4536,20.1859,0.032596,50.2752,0.0058324,1628337.756,1380.7105,27.3978,39.0243,0.015183,1.7941,-2.0698,104.9394,-0.3515,lucas
-0.36274,-0.3491,-0.372,0.0048125,2.32E-05,0.0229,-1.3267,0.44837,3.1957,-0.36595,-0.363,-0.3598,0,11320.1585,22.9215,0.02726,39.6614,0.0041757,44432.3322,1108.876,30.578,43.2043,0.011121,0.87075,-2.4493,104.856,-0.3491,lucas
-0.36308,-0.3522,-0.3774,0.0052203,2.73E-05,0.0252,-1.4378,-0.44589,2.8496,-0.3663,-0.3627,-0.3597,0,22683.4053,20.32,0.045707,80.3491,0.0071161,79686391513,2243.0336,28.3829,40.1849,0.027617,2.396,-1.5888,104.9313,-0.3522,lucas
-0.35218,-0.3334,-0.3688,0.0084971,7.22E-05,0.0354,-2.4127,-0.090554,2.4337,-0.3586,-0.3503,-0.34725,0,10674.8234,23.0715,0.027293,38.5096,0.0053033,44037.5111,1141.3783,22.4213,35.4865,0.028918,2.4126,-2.5228,104.8984,-0.3334,lucas
-0.35466,-0.3442,-0.3666,0.0049391,2.44E-05,0.0224,-1.3926,0.10572,2.4327,-0.35875,-0.3542,-0.3515,0,18937.5311,21.4618,0.041989,68.5782,0.0062083,2167380539,2003.8338,28.7724,41.4899,0.0175,2.0234,-1.8653,105.0017,-0.3442,lucas
-0.35114,-0.3004,-0.4272,0.027547,0.00075886,0.1268,-7.8452,-0.81519,3.7318,-0.3642,-0.3464,-0.333,0,26676.4745,20.8228,0.053489,97.3786,0.023886,1.05E+14,2909.8344,15.3874,28.8086,0.36231,34.7074,-1.7798,104.8797,-0.3004,lucas
-0.35033,-0.3393,-0.3664,0.0056646,3.21E-05,0.0271,-1.6169,-0.43065,3.047,-0.3537,-0.3497,-0.3464,0,15839.3801,23.7752,0.037118,57.9181,0.01131,59374468.61,1734.3861,33.1758,45.5785,0.0173,1.3946,-1.6491,104.967,-0.3393,lucas
-0.35141,-0.3388,-0.3637,0.0061515,3.78E-05,0.0249,-1.7505,-0.023823,2.123,-0.35683,-0.3505,-0.34657,0,18594.5172,21.4598,0.041776,67.9433,0.0097192,2161409508,2022.2511,26.95,39.2554,0.018034,3.2937,-1.6594,105.083,-0.3388,lucas
-0.35087,-0.331,-0.3796,0.0092321,8.52E-05,0.0486,-2.6312,-0.64738,4.067,-0.35575,-0.3508,-0.34485,0,23843.2031,22.0074,0.049945,87.4859,0.011156,2.88E+12,2611.8119,21.4329,34.4304,0.055096,9.2103,-1.5179,104.9541,-0.331,lucas
-0.35631,-0.3388,-0.3686,0.0062766,3.94E-05,0.0298,-1.7616,0.59037,3.5863,-0.3597,-0.357,-0.35335,0,10923.6366,22.8907,0.027106,38.9626,0.0045657,44217.8126,1128.7564,28.6161,41.0785,0.018915,1.1124,-2.3713,105.104,-0.3388,lucas
-0.35097,-0.2961,-0.3845,0.019757,0.00039033,0.0884,-5.6292,0.80088,3.5474,-0.36782,-0.3513,-0.3397,0,18600.1779,21.4417,0.040986,67.8297,0.015665,2160837572,2028.659,15.9232,28.6676,0.18914,15.5583,-2.2039,104.887,-0.2961,lucas
-0.35628,-0.3242,-0.3813,0.014845,0.00022036,0.0571,-4.1666,0.50769,2.5315,-0.3696,-0.3571,-0.34853,0,13671.201,20.1945,0.03208,48.9151,0.0083411,1642617.625,1418.019,20.3576,33.4348,0.076684,6.1218,-2.1753,104.8905,-0.3242,lucas
-0.35462,-0.33,-0.3713,0.010617,0.00011272,0.0413,-2.9938,0.5508,2.2596,-0.3636,-0.3574,-0.34715,0,10826.7841,22.9354,0.027048,38.7675,0.007137,44370.8324,1133.8741,22.5476,35.6895,0.04084,2.8263,-2.4336,104.5511,-0.33,lucas
-0.35517,-0.3427,-0.3703,0.0056981,3.25E-05,0.0276,-1.6043,-0.23761,2.7224,-0.3593,-0.3544,-0.35157,0,21577.7461,20.1895,0.045754,78.1399,0.0082981,66817565030,2277.594,26.5482,38.9193,0.024335,3.6782,-1.525,104.9002,-0.3427,lucas
-0.35402,-0.3398,-0.3657,0.0052083,2.71E-05,0.0259,-1.4712,0.09264,2.5275,-0.35815,-0.3535,-0.35045,0,24260.4821,21.9289,0.050268,88.2762,0.0085109,2.87E+12,2589.1506,27.7171,39.9542,0.026129,3.2701,-1.3511,104.7893,-0.3398,lucas
-0.35302,-0.34,-0.3686,0.0063616,4.05E-05,0.0286,-1.802,-0.082308,2.484,-0.35745,-0.3532,-0.3488,0,24127.3718,21.9517,0.04972,88.0163,0.010536,2.88E+12,2596.9735,26.4415,38.6284,0.031532,4.6959,-1.1737,104.9498,-0.34,lucas
